CAINC30 Economic Profile,,,,,,,,,,,,,,,,,,,,,
Population (Number of persons) 3/ ,,,,,,,,,,,,,,,,,,,,,
Bureau of Economic Analysis ,,,,,,,,,,,,,,,,,,,,,
Metropolitan Statistical Area,,,,,,,,,,,,,,,,,,,,,
GeoFips,GeoName,2000,2001,2002,2003,2004,2005,2006,2007,2008,2009,2010,2011,2012,2013,2014,2015,2016,2017,2018,2019
998,United States (Metropolitan Portion),237948237,240717866,243260703,245592588,248115013,250646689,253256238,255922913,258627316,261210075,263659818,265915376,268257478,270477172,272833530,275213283,277549164,279600267,281282602,282828601
10180,"Abilene, TX (Metropolitan Statistical Area)",160288,158917,159012,158810,160156,160761,161389,162023,162508,163888,165585,166634,167442,167473,168342,169688,170017,170429,171150,172060
10420,"Akron, OH (Metropolitan Statistical Area)",695946,698108,699533,701139,701811,702498,702433,703423,703300,703361,703031,703200,702109,703621,704908,704382,703524,703987,703855,703479
10500,"Albany, GA (Metropolitan Statistical Area)",153585,153730,153024,152790,152887,152919,153535,153661,153823,154409,154145,154545,153976,152667,151949,150387,149137,148090,147840,146726
10540,"Albany-Lebanon, OR (Metropolitan Statistical Area)",103020,103544,104561,106035,106799,108132,110764,112932,114967,116001,116891,118164,118273,118405,119042,120236,122769,125035,127451,129749
10580,"Albany-Schenectady-Troy, NY (Metropolitan Statistical Area)",827399,831034,836753,844619,850384,854604,860365,863068,866282,869361,871082,872778,874698,877065,878113,879085,879792,882158,882263,880381
10740,"Albuquerque, NM (Metropolitan Statistical Area) *",732220,741932,757716,772128,789237,809551,831252,849641,863383,876448,889558,898016,901939,904953,904538,906026,909237,912311,914947,918018
10780,"Alexandria, LA (Metropolitan Statistical Area)",145179,145102,145416,146017,146973,147930,151142,151506,152442,153164,154096,154402,154400,154623,154558,154082,154124,153549,152762,152037
10900,"Allentown-Bethlehem-Easton, PA-NJ (Metropolitan Statistical Area)",741817,748705,756628,766938,777277,787738,798586,807578,814050,817779,821923,824930,826144,825731,828470,830295,833163,837921,842626,844052
11020,"Altoona, PA (Metropolitan Statistical Area)",128981,128471,127631,127353,127194,126730,127002,127048,127112,127161,127045,126970,126544,125836,125274,124596,123708,123147,122503,121829
11100,"Amarillo, TX (Metropolitan Statistical Area)",229215,230351,232326,235138,237566,240380,242656,244608,246458,249373,252664,255975,257802,258896,260812,261618,262987,264331,264406,265053
11180,"Ames, IA (Metropolitan Statistical Area)",106403,106509,107971,108300,109126,109384,111210,113093,114285,115645,115925,117424,118139,120161,122092,123079,123309,123721,123093,123351
11260,"Anchorage, AK (Metropolitan Statistical Area)",320618,326081,332582,337730,345245,350903,358718,360194,365633,374562,383053,387922,391932,397022,397996,398609,401368,400570,397636,396317
11460,"Ann Arbor, MI (Metropolitan Statistical Area)",324372,328749,332763,336154,339422,342234,344018,345310,341595,343520,345717,349753,352303,356040,360021,362975,366135,368807,369483,367601
11500,"Anniston-Oxford, AL (Metropolitan Statistical Area)",111081,111266,111625,112705,113462,114477,115388,116211,117274,118363,118408,117744,117190,116471,115917,115469,114973,114710,114331,113605
11540,"Appleton, WI (Metropolitan Statistical Area)",202618,205676,208747,211350,213592,215925,218441,220368,222402,224632,225948,227548,228656,229978,231627,233146,234200,235811,237011,237974
11700,"Asheville, NC (Metropolitan Statistical Area)",370615,374904,379818,385178,390713,396408,404546,411842,417457,422014,425338,428113,430945,435795,439661,444593,450310,454855,459314,462680
12020,"Athens-Clarke County, GA (Metropolitan Statistical Area)",166763,168973,170838,173847,178106,178974,183171,186781,189948,192021,193439,194375,195984,197590,198361,202565,205402,209106,211468,213750
12060,"Atlanta-Sandy Springs-Alpharetta, GA (Metropolitan Statistical Area)",4293475,4402455,4489288,4572541,4659574,4770870,4931848,5066356,5170099,5240828,5302598,5366462,5444473,5510530,5593204,5686048,5787965,5872432,5945303,6020364
12100,"Atlantic City-Hammonton, NJ (Metropolitan Statistical Area)",253674,255737,259263,263285,267723,270332,271759,272303,273014,274049,274648,274621,274629,274314,272578,270153,267217,265498,263989,263670
12220,"Auburn-Opelika, AL (Metropolitan Statistical Area)",115430,116819,118392,120071,122274,126133,129247,131934,134524,138566,140794,144130,148567,151809,154511,156954,159168,161440,163656,164542
12260,"Augusta-Richmond County, GA-SC (Metropolitan Statistical Area)",508896,512626,516818,520120,526789,531294,538643,545524,552627,558096,566694,570849,576206,579802,583046,589574,595029,600276,604221,608980
12420,"Austin-Round Rock-Georgetown, TX (Metropolitan Statistical Area)",1264950,1321316,1347822,1376030,1410058,1453358,1515485,1577856,1633870,1682338,1727502,1780535,1834586,1883315,1942467,2002134,2062016,2115475,2165497,2227083
12540,"Bakersfield, CA (Metropolitan Statistical Area)",663803,676574,694059,714272,736296,760726,784511,803281,818327,830137,840996,847970,853606,862000,869176,876031,880856,887356,893758,900202
12580,"Baltimore-Columbia-Towson, MD (Metropolitan Statistical Area)",2557958,2575471,2596501,2614232,2630946,2644231,2658162,2667619,2679819,2696018,2715738,2733785,2754637,2768233,2780055,2790053,2794111,2798707,2800743,2800053
12620,"Bangor, ME (Metropolitan Statistical Area)",144937,146110,147298,148759,148814,149726,151446,152232,153372,153770,153861,153759,153347,153222,153201,151929,151333,151645,151817,152148
12700,"Barnstable Town, MA (Metropolitan Statistical Area)",223031,224087,225421,226011,224264,221995,220037,218380,217066,215994,215899,215356,214788,214518,214289,213877,213559,213581,213471,212990
12940,"Baton Rouge, LA (Metropolitan Statistical Area)",730913,733925,738589,745536,753093,758706,795417,803339,811301,819405,827629,831493,836197,841986,846827,851167,856723,854295,854526,854884
12980,"Battle Creek, MI (Metropolitan Statistical Area)",138014,138158,138580,138962,139443,138946,138291,137582,137313,136301,135951,135105,134737,134751,134804,134327,134344,134180,134049,134159
13020,"Bay City, MI (Metropolitan Statistical Area)",110192,109836,109861,109559,109453,109165,108711,108132,108320,107913,107679,107417,106967,106794,106046,105237,104411,104045,103702,103126
13140,"Beaumont-Port Arthur, TX (Metropolitan Statistical Area)",384759,382708,383004,383208,384438,385490,379119,382330,385248,387146,389251,390905,389614,391195,391651,394825,396539,398129,393815,392563
13220,"Beckley, WV (Metropolitan Statistical Area)",126525,125318,125672,125519,125145,124570,124378,124566,124550,124816,124949,125266,125110,124356,123342,122070,120475,118673,117154,115767
13380,"Bellingham, WA (Metropolitan Statistical Area)",167696,171172,174904,177851,181756,185450,188926,192837,196708,199865,201545,203490,204863,206073,208154,211836,216417,221410,225197,229247
13460,"Bend, OR (Metropolitan Statistical Area)",116566,120526,125247,129094,133756,140567,148149,152633,156820,157345,157742,159660,161359,165299,169512,174246,180666,186744,191905,197692
13740,"Billings, MT (Metropolitan Statistical Area)",147378,148858,150320,151913,153672,156025,158157,160358,163165,165575,167571,169017,170942,173367,174952,176357,177759,179365,180203,181667
13780,"Binghamton, NY (Metropolitan Statistical Area)",252189,252580,253430,252932,252605,252088,252441,252442,252527,252171,251489,250238,248945,248017,247075,245283,243322,241709,240366,238691
13820,"Birmingham-Hoover, AL (Metropolitan Statistical Area)",982704,988718,993201,1001781,1009575,1017818,1030584,1039561,1049266,1057924,1061717,1064030,1067563,1072882,1076087,1079752,1082877,1085615,1087967,1090435
13900,"Bismarck, ND (Metropolitan Statistical Area)",96917,97253,98254,99128,100134,101858,103713,105648,107210,109009,111112,112865,115679,119240,122155,125325,127233,128115,128279,128949
13980,"Blacksburg-Christiansburg, VA (Metropolitan Statistical Area) *",151553,153348,153326,154009,154647,156402,158277,160085,161247,162385,163131,163442,164120,165240,165688,165725,166572,166605,167492,167531
14010,"Bloomington, IL (Metropolitan Statistical Area)",150844,152713,155882,157795,159096,160299,162925,165223,166825,168727,169810,170909,172721,175037,174105,173141,173070,172754,172410,171517
14020,"Bloomington, IN (Metropolitan Statistical Area)",142709,143650,144707,146835,148549,150096,152548,154352,156164,157840,160132,161722,162852,163221,164422,165073,166655,167429,168092,169230
14100,"Bloomsburg-Berwick, PA (Metropolitan Statistical Area)",82211,82592,82838,83240,83511,83718,83996,84303,84735,85385,85657,85449,85472,85592,85538,84980,84390,83851,83455,83194
14260,"Boise City, ID (Metropolitan Statistical Area)",469017,486078,499994,512491,525975,546980,570583,590330,603218,611341,617866,627670,637425,649224,662624,674640,691285,709682,728911,749202
14460,"Boston-Cambridge-Newton, MA-NH (Metropolitan Statistical Area)",4401256,4432132,4440034,4434723,4424956,4418046,4427356,4447838,4483141,4527220,4566348,4609790,4656593,4702877,4746931,4778340,4809061,4841772,4859536,4873019
14500,"Boulder, CO (Metropolitan Statistical Area) *",293358,300137,279468,278768,279728,280241,284243,287428,290859,293190,295037,299957,304570,309323,312233,318027,321250,322441,324636,326196
14540,"Bowling Green, KY (Metropolitan Statistical Area)",135367,136901,138510,140921,143044,145918,149324,151710,154513,156978,159341,160985,162450,164653,166630,169507,171902,174981,176864,179240
14740,"Bremerton-Silverdale-Port Orchard, WA (Metropolitan Statistical Area)",232720,234513,238129,239758,241960,239806,245054,244105,246912,248800,251681,254297,254339,252401,253387,259232,263142,266289,269276,271473
14860,"Bridgeport-Stamford-Norwalk, CT (Metropolitan Statistical Area)",884364,889063,892900,896342,897472,897653,896254,897498,903824,910421,919355,928000,935099,939924,944196,944943,944347,943038,943971,943332
15180,"Brownsville-Harlingen, TX (Metropolitan Statistical Area)",336123,342368,350194,358492,366299,373429,380169,386306,393000,400303,407630,413201,415877,417357,419005,419450,421350,422227,422139,423163
15260,"Brunswick, GA (Metropolitan Statistical Area)",93344,95052,96612,98180,99879,101532,104715,107334,109579,111343,112534,112895,113281,113781,114607,115779,116571,117587,118282,118779
15380,"Buffalo-Cheektowaga, NY (Metropolitan Statistical Area)",1169060,1165067,1161678,1159918,1156070,1148563,1141712,1137678,1136364,1135377,1135627,1135562,1134619,1134974,1135060,1133002,1130232,1129882,1129777,1127983
15500,"Burlington, NC (Metropolitan Statistical Area)",131423,133346,135239,136009,137619,139311,141462,144712,147704,149954,151431,152692,153265,154162,155384,157037,160283,163276,166514,169509
15540,"Burlington-South Burlington, VT (Metropolitan Statistical Area)",199600,201361,203052,204201,205652,206637,207426,208232,209332,210435,211538,213235,213962,214827,215676,217152,217447,218975,219939,220411
15680,"California-Lexington Park, MD (Metropolitan Statistical Area)",86498,87455,89819,92333,94900,96871,98849,100599,101921,103273,105761,107566,108800,109224,109913,110985,111750,112487,112720,113510
15940,"Canton-Massillon, OH (Metropolitan Statistical Area)",406887,406256,406039,406046,405960,405168,405343,405939,406140,405127,404218,403331,403429,403365,403675,402433,401068,399327,398330,397520
15980,"Cape Coral-Fort Myers, FL (Metropolitan Statistical Area)",444311,461037,478889,497662,522431,555029,582678,604716,610984,612297,620449,631053,644197,659834,677232,699644,722649,740000,754470,770577
16020,"Cape Girardeau, MO-IL (Metropolitan Statistical Area)",90527,91226,91694,91840,92734,93173,94167,94616,95031,95634,96447,96982,97210,97177,97405,97316,97109,96819,96868,96765
16060,"Carbondale-Marion, IL (Metropolitan Statistical Area)",133748,134061,133540,134761,135744,136697,137483,137511,137950,138497,139409,139956,138698,140077,139658,139419,138634,137352,136694,135764
16180,"Carson City, NV (Metropolitan Statistical Area)",52568,53472,54503,55234,55995,55982,55410,55288,55552,55401,54981,54676,54312,53726,54082,54068,54147,54532,55202,55916
16220,"Casper, WY (Metropolitan Statistical Area)",66603,66978,67554,68246,69035,69922,70806,72365,73682,75238,75470,76399,78565,81103,81377,82137,80909,79586,79175,79858
16300,"Cedar Rapids, IA (Metropolitan Statistical Area)",237950,240145,242099,243272,245108,247265,249524,252709,255503,256896,258440,261028,261916,262706,264300,266312,268224,270653,272061,273032
16540,"Chambersburg-Waynesboro, PA (Metropolitan Statistical Area)",129745,130604,131998,133583,135742,138927,142421,144840,147032,148662,149925,150934,151482,151945,152607,153048,153705,154376,154579,155027
16580,"Champaign-Urbana, IL (Metropolitan Statistical Area)",196428,198313,200414,203388,205080,207308,210526,213285,214286,216742,218255,219876,221131,222854,224351,225732,226722,226847,226284,226033
16620,"Charleston, WV (Metropolitan Statistical Area)",285694,283588,282476,282146,281718,279823,278691,278207,277793,278370,277805,276817,276704,275412,273606,270858,268130,264227,260280,257074
16700,"Charleston-North Charleston, SC (Metropolitan Statistical Area)",550916,556901,565179,573376,587231,598313,614463,628384,643613,655447,667450,681262,696839,711272,726836,745185,761578,775537,788122,802122
16740,"Charlotte-Concord-Gastonia, NC-SC (Metropolitan Statistical Area)",1753958,1795029,1832361,1867238,1906396,1960753,2035838,2112817,2178593,2222773,2250121,2281230,2318671,2358660,2400483,2447898,2499697,2550373,2592950,2636883
16820,"Charlottesville, VA (Metropolitan Statistical Area) *",174979,177754,180442,182545,184817,188574,191972,194646,197853,200028,201891,203617,205532,206755,209187,211494,213675,216104,217335,218615
16860,"Chattanooga, TN-GA (Metropolitan Statistical Area)",477630,481798,485957,490089,494709,499564,506473,513100,518778,524082,529131,533621,538103,542181,544183,547205,551859,555953,560832,565194
16940,"Cheyenne, WY (Metropolitan Statistical Area)",81825,82554,83226,84084,85427,85732,86819,87654,89077,90430,92236,92576,94697,95707,96036,96969,97887,98377,98865,99500
16980,"Chicago-Naperville-Elgin, IL-IN-WI (Metropolitan Statistical Area)",9113234,9169580,9206032,9233303,9260676,9276302,9297749,9337140,9384555,9429498,9470634,9500870,9528090,9550194,9560430,9552554,9533662,9514113,9484158,9458539
17020,"Chico, CA (Metropolitan Statistical Area)",203807,206193,209120,211481,213065,214752,216824,217469,219034,219777,219949,219975,220869,221641,223516,224631,226231,228696,230339,219186
17140,"Cincinnati, OH-KY-IN (Metropolitan Statistical Area)",2021806,2034543,2042871,2054229,2065605,2077928,2093082,2107318,2118370,2130844,2140715,2146208,2152554,2162060,2172190,2181427,2191572,2202558,2211936,2221208
17300,"Clarksville, TN-KY (Metropolitan Statistical Area)",233367,235549,236758,236569,241543,250476,250292,260846,261530,269798,274959,277405,287393,285441,289628,292878,293712,298635,304301,307820
17420,"Cleveland, TN (Metropolitan Statistical Area)",104338,105295,105979,106754,108099,109410,111177,112935,114306,115090,115896,116569,117673,118410,119455,120543,121184,122180,123968,124942
17460,"Cleveland-Elyria, OH (Metropolitan Statistical Area)",2147532,2141787,2136201,2131150,2122934,2111699,2099415,2091596,2085110,2081063,2075478,2068989,2064776,2067100,2067356,2064012,2060997,2057238,2053795,2048449
17660,"Coeur d'Alene, ID (Metropolitan Statistical Area)",109487,111542,113667,116512,121002,125972,129510,132811,135627,137407,138848,140932,142084,143897,146529,149367,153019,157320,161209,165697
17780,"College Station-Bryan, TX (Metropolitan Statistical Area)",185760,188315,192016,196234,199374,203500,209014,213000,218658,225114,229458,231435,234148,237816,242830,250567,254391,259123,261335,264728
17820,"Colorado Springs, CO (Metropolitan Statistical Area)",540593,557057,565688,569231,578345,587778,602532,609490,620644,630998,650500,660674,669448,678565,686562,697389,712335,724773,737202,745791
17860,"Columbia, MO (Metropolitan Statistical Area)",162886,165050,167766,170077,172563,176257,180420,183438,185729,188301,190947,194030,196540,198824,200492,202152,204049,205725,206746,208173
17900,"Columbia, SC (Metropolitan Statistical Area)",649567,659125,666087,676083,690421,699160,715091,730546,745740,759400,769646,776195,783250,790842,798882,809136,817188,824939,831690,838433
17980,"Columbus, GA-AL (Metropolitan Statistical Area)",294278,295679,297571,291137,297196,298859,301715,298991,299698,305809,309476,315305,322721,327844,325273,322772,319040,315942,318211,321048
18020,"Columbus, IN (Metropolitan Statistical Area)",71763,72110,71890,72299,72882,73660,74508,75265,76080,76566,76818,77620,79001,79655,80497,81458,82231,82213,82722,83779
18140,"Columbus, OH (Metropolitan Statistical Area)",1682068,1706779,1726352,1749262,1769572,1791126,1816992,1841539,1865647,1887548,1906366,1926338,1947208,1974061,2001635,2027568,2052192,2082581,2104194,2122271
18580,"Corpus Christi, TX (Metropolitan Statistical Area)",381006,380360,383076,384072,388869,392747,396135,397235,399943,403971,404676,407721,413199,419080,423313,427621,428953,428445,428697,429024
18700,"Corvallis, OR (Metropolitan Statistical Area)",78236,78491,80203,80322,80149,80943,81957,83718,84150,85390,85574,86266,86678,86167,87215,88333,89918,91790,92442,93053
18880,"Crestview-Fort Walton Beach-Destin, FL (Metropolitan Statistical Area)",211955,214955,220192,223227,230024,233437,235216,235032,235315,235687,235932,238704,246952,251881,255801,260814,265492,271499,277666,284809
19060,"Cumberland, MD-WV (Metropolitan Statistical Area)",101858,101596,101462,101457,101658,101172,101304,101981,102462,103181,103170,102629,101833,101267,100587,99879,99428,98575,97894,97284
19100,"Dallas-Fort Worth-Arlington, TX (Metropolitan Statistical Area)",5187122,5326971,5432371,5523937,5613420,5722444,5886950,6025041,6152770,6282484,6392065,6510544,6644559,6753889,6889769,7042566,7194758,7337097,7455756,7573136
19140,"Dalton, GA (Metropolitan Statistical Area)",120959,124015,126208,128476,131307,133885,136581,138792,140415,140897,142278,142285,142259,141906,142298,143099,143753,144037,144192,144724
19180,"Danville, IL (Metropolitan Statistical Area)",83821,83646,83299,82996,82955,82728,82715,82258,81930,81710,81640,81414,80862,80585,79783,79170,78494,77689,76702,75758
19300,"Daphne-Fairhope-Foley, AL (Metropolitan Statistical Area)",141342,144875,147957,151509,156266,162183,168121,172404,175827,179406,183112,186558,190145,194885,199183,202939,207601,212521,217855,223234
19340,"Davenport-Moline-Rock Island, IA-IL (Metropolitan Statistical Area)",375763,374561,373740,372975,372740,372876,373762,375121,376467,378108,379743,380685,382431,383843,384070,383381,382178,381103,380044,379172
19430,"Dayton-Kettering, OH (Metropolitan Statistical Area)",805938,804479,804286,804926,805930,804766,803498,801852,800209,798895,799672,800858,801603,801390,801017,800124,801661,803233,805088,807611
19460,"Decatur, AL (Metropolitan Statistical Area)",146095,146552,146464,147386,147324,148399,149519,150690,151890,153269,153950,154075,153908,153146,152888,152392,152233,151981,152144,152603
19500,"Decatur, IL (Metropolitan Statistical Area)",114499,113604,112564,111572,111181,111083,110808,110751,110588,110732,110787,110684,110134,109561,108515,107343,106383,105399,104504,104009
19660,"Deltona-Daytona Beach-Ormond Beach, FL (Metropolitan Statistical Area)",495514,505047,516153,529021,546232,563305,579087,589451,590912,589388,590506,591926,594969,600236,608604,621166,635859,647867,658186,668365
19740,"Denver-Aurora-Lakewood, CO (Metropolitan Statistical Area) *",2170977,2218759,2266781,2284876,2304818,2332749,2374194,2418686,2463971,2509417,2554523,2602918,2650274,2700529,2753973,2812896,2856755,2891776,2931665,2967239
19780,"Des Moines-West Des Moines, IA (Metropolitan Statistical Area)",520495,527138,533828,541109,548902,559060,570026,580757,590747,599480,608930,618299,626778,637846,649652,659522,671055,681413,690915,699292
19820,"Detroit-Warren-Dearborn, MI (Metropolitan Statistical Area)",4455503,4461855,4456433,4453371,4445887,4431048,4409697,4377116,4339504,4311728,4291508,4291696,4300864,4305587,4311194,4309673,4316260,4321593,4322084,4319629
20020,"Dothan, AL (Metropolitan Statistical Area)",131024,131413,131967,133586,135057,136643,139070,141157,142958,144396,145871,146621,147448,147449,147830,147992,147784,147878,148249,149358
20100,"Dover, DE (Metropolitan Statistical Area)",127229,129228,131824,134605,139342,144585,149704,153969,157925,160081,162956,165110,167297,169038,171456,173128,174542,176499,178540,180786
20220,"Dubuque, IA (Metropolitan Statistical Area)",89201,88932,89132,90012,90462,90769,91258,92130,92519,92948,93929,94593,95159,95945,96481,96850,96763,97066,96922,97311
20260,"Duluth, MN-WI (Metropolitan Statistical Area)",286858,288091,287980,288371,288187,287696,287672,288147,289433,290337,290542,290594,290176,290193,290261,289741,289395,289108,289260,288732
20500,"Durham-Chapel Hill, NC (Metropolitan Statistical Area)",474940,485366,493757,499238,504619,512402,523405,536055,548275,559164,566267,572520,581735,590364,599236,607706,618222,625678,637501,644367
20700,"East Stroudsburg, PA (Metropolitan Statistical Area)",139710,143775,148833,154027,158181,162045,165185,167352,168576,169390,169849,169891,168628,167355,167285,166481,166220,167895,169294,170271
20740,"Eau Claire, WI (Metropolitan Statistical Area)",148656,149655,150846,151816,153419,154809,156167,157654,158700,160271,161655,162886,163892,164822,165023,165501,166430,167329,168464,169304
20940,"El Centro, CA (Metropolitan Statistical Area)",142410,143707,145640,148984,152259,156113,160505,164596,167917,172008,174716,175786,176575,176438,177974,178937,180179,181649,181523,181215
21060,"Elizabethtown-Fort Knox, KY (Metropolitan Statistical Area)",134506,135657,136591,136333,138230,140177,140870,141844,142988,143829,149833,151319,151501,152228,151675,148107,148941,150390,153201,153928
21140,"Elkhart-Goshen, IN (Metropolitan Statistical Area)",183412,184708,184543,187149,189316,192242,195047,196304,197762,197514,197451,198279,198968,200205,201423,202995,203642,204194,205617,206341
21300,"Elmira, NY (Metropolitan Statistical Area)",91094,90780,90613,90154,89777,88860,88732,88634,88503,88849,88895,88899,89137,88199,87177,86705,85644,84736,83935,83456
21340,"El Paso, TX (Metropolitan Statistical Area)",685086,692568,699844,708545,720997,731511,748254,759040,773304,790182,807048,823308,835667,834203,837089,835439,839203,842005,841613,844124
21420,"Enid, OK (Metropolitan Statistical Area)",57721,57279,57249,57230,57459,57358,57723,58153,58845,59989,60765,60763,61399,62370,62790,63248,62493,61600,61095,61056
21500,"Erie, PA (Metropolitan Statistical Area)",280803,280647,280379,280153,277864,277211,278389,278573,278686,279838,280799,281327,281532,280717,279423,278174,276170,273558,271544,269728
21660,"Eugene-Springfield, OR (Metropolitan Statistical Area)",323492,324855,327506,330845,332327,335831,339926,344844,348176,350850,351920,354034,355075,355481,358027,361946,368874,375264,378549,382067
21780,"Evansville, IN-KY (Metropolitan Statistical Area)",296480,297027,298383,300628,302310,303844,305549,307468,308614,310170,311802,312698,313422,314331,314859,314983,315283,314791,314660,315086
21820,"Fairbanks, AK (Metropolitan Statistical Area) *",83005,84814,86095,86885,89043,90431,90545,93545,94552,95238,98264,98120,100311,100933,99254,99636,100633,99675,98565,96849
22020,"Fargo, ND-MN (Metropolitan Statistical Area)",174970,177033,178891,181539,186448,189303,193412,197121,201346,206223,209455,213222,217610,223360,227790,232891,237244,241511,244311,246145
22140,"Farmington, NM (Metropolitan Statistical Area)",114131,115745,119430,121553,123179,124809,125028,126149,126905,129359,130203,129711,129756,129467,129084,128246,127954,126917,125499,123958
22180,"Fayetteville, NC (Metropolitan Statistical Area)",429071,432206,437190,436610,444293,444221,451761,456550,464464,474524,490446,499149,502672,509180,510635,511976,516822,517527,522461,526719
22220,"Fayetteville-Springdale-Rogers, AR (Metropolitan Statistical Area)",327867,336662,345922,357352,370284,385269,401039,413543,423649,432067,442301,452884,462291,471140,480513,491730,503806,515616,525239,534904
22380,"Flagstaff, AZ (Metropolitan Statistical Area)",116773,118283,121308,122882,125117,127025,128695,130442,131853,133477,134612,134275,136146,136699,137566,138962,140407,141001,142523,143476
22420,"Flint, MI (Metropolitan Statistical Area)",436965,438584,440062,441689,442534,442508,441164,438109,433082,427989,424953,422026,418193,415639,412859,410461,408926,407488,406688,405813
22500,"Florence, SC (Metropolitan Statistical Area)",193290,194240,195590,197053,198010,199167,200913,202246,203805,204825,205662,205800,206041,205986,206426,206235,205854,205476,205036,204911
22520,"Florence-Muscle Shoals, AL (Metropolitan Statistical Area)",143036,142584,142163,142382,143112,143717,144707,145593,146675,146952,147261,147146,147232,147230,147462,146876,146922,147259,147608,147970
22540,"Fond du Lac, WI (Metropolitan Statistical Area)",97390,97856,98097,98470,98929,99297,99920,100520,101122,101370,101576,101810,101788,101787,101977,101955,102211,102417,103001,103403
22660,"Fort Collins, CO (Metropolitan Statistical Area)",253072,260541,265372,268448,271510,275116,280713,286112,291650,296696,300441,305246,310842,316225,324008,333303,338984,344084,350660,356899
22900,"Fort Smith, AR-OK (Metropolitan Statistical Area)",225759,227899,229652,231379,233367,235912,240017,242953,244749,247064,248344,249236,249491,248569,248220,248820,249170,250231,250298,250368
23060,"Fort Wayne, IN (Metropolitan Statistical Area)",363420,365954,368402,371190,372757,375420,378911,382387,384311,386818,389298,392332,394225,396638,398591,400806,402887,405445,409126,413263
23420,"Fresno, CA (Metropolitan Statistical Area)",801288,813021,829762,847193,861035,872470,883862,895933,909630,921478,932039,939406,945045,951514,960567,969488,976830,985238,991950,999101
23460,"Gadsden, AL (Metropolitan Statistical Area)",103286,102976,102988,103025,103080,103174,103528,103893,104206,104239,104459,104369,104278,103884,103399,102998,102855,103007,102611,102268
23540,"Gainesville, FL (Metropolitan Statistical Area)",267698,271119,275080,278563,282648,287912,295176,299499,302494,304366,305334,306979,308240,308865,311743,316031,321418,324485,327933,329128
23580,"Gainesville, GA (Metropolitan Statistical Area)",140993,146148,150229,153561,156385,160979,166524,172446,177277,178503,180033,182269,184102,186431,189142,192245,196159,198953,201538,204441
23900,"Gettysburg, PA (Metropolitan Statistical Area)",91457,92591,93934,95503,97300,98606,99899,100502,101056,101252,101479,101474,101254,101137,101353,101808,101911,102562,103062,103009
24020,"Glens Falls, NY (Metropolitan Statistical Area)",124250,124548,124926,125944,126854,127674,128325,128794,129100,128771,129021,128827,128420,127848,127341,126666,126233,125924,125489,125148
24140,"Goldsboro, NC (Metropolitan Statistical Area)",113648,113934,114305,114595,116484,117009,117534,118942,119910,121217,122886,124038,124559,124587,124586,124342,124269,123034,123237,123131
24220,"Grand Forks, ND-MN (Metropolitan Statistical Area)",97405,96663,96367,96267,98164,97777,98266,97606,98092,97941,98633,98194,99093,100741,101260,101849,102171,102126,101766,100815
24260,"Grand Island, NE (Metropolitan Statistical Area)",68244,68001,68203,68592,68896,68871,69360,69784,70790,72056,72936,73547,74238,74652,75240,75319,75598,75456,75476,75553
24300,"Grand Junction, CO (Metropolitan Statistical Area)",117631,119496,122440,124994,127678,130194,134665,139434,143155,147851,146259,147174,147317,147175,147113,148025,149736,151170,152951,154210
24340,"Grand Rapids-Kentwood, MI (Metropolitan Statistical Area)",938933,949059,957389,964358,970646,975837,982157,986863,989942,991670,994262,1002556,1013655,1025473,1036234,1044842,1054710,1063670,1071370,1077370
24420,"Grants Pass, OR (Metropolitan Statistical Area)",75851,76452,77712,78779,79729,80660,81601,81746,82389,82315,82879,82702,82755,83131,83377,84528,85504,86584,87150,87487
24500,"Great Falls, MT (Metropolitan Statistical Area)",80318,80055,79848,79633,80198,80041,79984,80099,80529,80680,81507,81714,81622,82194,82056,81878,81562,81633,81688,81366
24540,"Greeley, CO (Metropolitan Statistical Area) *",182861,192360,202234,208858,215322,222879,230703,237692,243442,248193,254207,258827,264131,270165,277112,285819,295712,305885,314815,324492
24580,"Green Bay, WI (Metropolitan Statistical Area)",283282,285783,288713,291169,294570,296800,298702,301190,302468,304686,306754,308613,310605,311947,314003,315652,317369,319694,321384,322906
24660,"Greensboro-High Point, NC (Metropolitan Statistical Area)",645409,652741,657855,663140,667711,677080,689637,700485,711405,718902,725264,730095,735475,740604,746497,751285,758635,762071,766473,771851
24780,"Greenville, NC (Metropolitan Statistical Area)",134298,136605,139128,141610,144486,147929,152934,157479,162116,165581,168863,170791,172980,174380,174974,176071,177171,178607,179575,180742
24860,"Greenville-Anderson, SC (Metropolitan Statistical Area)",727743,735668,741131,747276,754196,763048,777494,793500,808765,819279,825625,833220,840903,848417,860285,872521,884327,895357,907028,920477
25060,"Gulfport-Biloxi, MS (Metropolitan Statistical Area)",379061,382293,385054,385735,393947,398601,363221,373053,380374,384985,389324,393744,396803,399940,403841,406604,408865,412754,414686,417665
25180,"Hagerstown-Martinsburg, MD-WV (Metropolitan Statistical Area)",223429,226791,231167,237168,243798,250660,257642,262715,265823,267363,269833,271983,273429,274926,276755,278236,280717,282958,285722,288104
25220,"Hammond, LA (Metropolitan Statistical Area)",100716,101657,102511,103782,105335,106987,114102,116792,118621,120009,121485,122700,123646,125520,127010,128716,130619,132353,133837,134758
25260,"Hanford-Corcoran, CA (Metropolitan Statistical Area)",129835,132881,135369,139393,143601,145147,147712,150420,152027,152278,152370,151868,150991,150337,149495,150085,149382,149665,151382,152940
25420,"Harrisburg-Carlisle, PA (Metropolitan Statistical Area)",509451,511391,515553,519152,521882,525775,532268,537268,542301,546874,550088,552280,555057,558139,561164,564678,567510,570784,574149,577941
25500,"Harrisonburg, VA (Metropolitan Statistical Area) *",108414,110317,112152,113151,114542,116602,118858,120825,122361,124144,125401,126796,128449,128956,130420,131120,132909,134041,134749,134964
25540,"Hartford-East Hartford-Middletown, CT (Metropolitan Statistical Area)",1150872,1158513,1169000,1179394,1182605,1187929,1193725,1198395,1204436,1209604,1214091,1216088,1215307,1214785,1213886,1211748,1208595,1207027,1206139,1204877
25620,"Hattiesburg, MS (Metropolitan Statistical Area)",143768,144434,145651,147031,148587,150295,153722,156803,158899,160782,162856,164801,165994,166971,167179,167873,168158,167719,168292,168849
25860,"Hickory-Lenoir-Morganton, NC (Metropolitan Statistical Area)",343247,346952,348299,349472,351224,354159,357492,360791,364003,365639,365565,364478,363670,363379,363035,363346,364798,367085,368449,369711
25940,"Hilton Head Island-Bluffton, SC (Metropolitan Statistical Area)",143027,146574,150392,152234,157787,163343,169619,174382,180019,183971,187777,189330,193145,197292,201725,207256,211269,215019,218023,222195
25980,"Hinesville, GA (Metropolitan Statistical Area)",72181,71939,73399,71252,74609,76395,75199,76089,75379,80848,77339,80267,80406,78825,81120,79269,79845,80399,79697,80994
26140,"Homosassa Springs, FL (Metropolitan Statistical Area)",118649,121197,123491,126215,129840,133791,137826,140974,142122,141381,141173,139764,139180,138829,138828,140287,142804,145415,147682,149657
26300,"Hot Springs, AR (Metropolitan Statistical Area)",88311,89032,89630,90483,91084,92096,94077,94753,95636,95840,96067,96854,96986,97654,97758,97814,98282,98327,98966,99386
26380,"Houma-Thibodaux, LA (Metropolitan Statistical Area)",194531,195360,196692,198156,199363,200467,204379,205401,207056,207769,208251,208713,208885,209983,211368,212131,211512,209946,209144,208075
26420,"Houston-The Woodlands-Sugar Land, TX (Metropolitan Statistical Area)",4717507,4817815,4937081,5036393,5132602,5233729,5423615,5540882,5676381,5826108,5947236,6056193,6183531,6328208,6500199,6671808,6806503,6900090,6976147,7066141
26580,"Huntington-Ashland, WV-KY-OH (Metropolitan Statistical Area)",366942,365792,365758,367208,367134,367471,368725,369267,369769,370722,371065,371126,370972,370179,368938,367224,365020,361970,359069,355873
26620,"Huntsville, AL (Metropolitan Statistical Area)",343972,348453,354116,359920,365248,372777,382821,391922,402361,412182,419276,425122,430056,435541,440395,444542,449576,455892,463181,471824
26820,"Idaho Falls, ID (Metropolitan Statistical Area)",105055,106082,107768,109937,113168,116208,119981,124203,128353,131621,133813,134959,136165,136840,137838,139542,142520,145512,148436,151530
26900,"Indianapolis-Carmel-Anderson, IN (Metropolitan Statistical Area)",1663995,1687209,1708018,1729297,1750639,1772959,1800724,1826515,1850321,1873460,1892640,1910719,1929678,1953600,1971006,1986119,2006760,2027584,2052368,2074537
26980,"Iowa City, IA (Metropolitan Statistical Area)",132173,134610,136056,137863,140149,141650,143698,146129,148799,151556,153025,155908,159006,162095,164759,167088,169054,171529,172607,173105
27060,"Ithaca, NY (Metropolitan Statistical Area)",96608,97458,98227,99049,99531,99433,99651,99910,100383,101497,101740,101821,102726,103553,103391,103006,102942,102664,102419,102180
27100,"Jackson, MI (Metropolitan Statistical Area)",158679,159772,160893,162119,162140,163047,163387,163316,160825,160114,160109,159658,159962,159628,159421,159264,158277,158563,158566,158510
27140,"Jackson, MS (Metropolitan Statistical Area)",547903,549383,551767,555999,562401,567496,576809,578863,581567,583837,588272,593409,595585,596325,597357,597928,599170,599358,597376,594806
27180,"Jackson, TN (Metropolitan Statistical Area)",170267,171360,171787,171605,173185,174116,175703,176608,177654,178739,179762,179692,179857,179836,179358,178607,178306,178336,178315,178644
27260,"Jacksonville, FL (Metropolitan Statistical Area)",1126282,1148091,1171363,1193042,1222866,1249072,1282311,1306788,1322728,1334972,1348907,1361972,1377607,1393432,1416446,1444638,1476023,1505033,1532663,1559514
27340,"Jacksonville, NC (Metropolitan Statistical Area)",150678,151068,153397,150481,158837,157205,161185,163256,169059,173064,186892,184993,190678,192354,191822,193114,192314,195066,196915,197938
27500,"Janesville-Beloit, WI (Metropolitan Statistical Area)",152464,153174,153628,154268,155685,156761,158538,159912,160647,160411,160260,159867,160065,160341,160920,161006,161320,162205,162874,163354
27620,"Jefferson City, MO (Metropolitan Statistical Area)",140285,140991,142190,143171,142637,144450,145654,146455,147792,148880,149991,150413,150391,150669,150727,150928,151375,151319,151512,151235
27740,"Johnson City, TN (Metropolitan Statistical Area)",181944,182187,183973,186040,187317,189182,191943,193819,196242,197698,199010,199574,200473,200470,200021,200331,201457,201909,202900,203649
27780,"Johnstown, PA (Metropolitan Statistical Area)",152107,150902,149831,148836,147886,146975,146093,145283,144646,144186,143461,142579,141536,138826,137537,136028,134414,132960,131449,130192
27860,"Jonesboro, AR (Metropolitan Statistical Area)",108136,108774,109191,110177,111370,112570,114629,116163,117915,120114,121263,122854,124292,125840,126813,128459,129906,131259,132719,133860
27900,"Joplin, MO (Metropolitan Statistical Area)",157665,158567,160092,162037,163997,166160,168701,171224,172744,174394,175833,173846,174407,175144,175869,176686,177397,178239,178613,179564
27980,"Kahului-Wailuku-Lahaina, HI (Metropolitan Statistical Area)",129078,132428,134583,137596,140625,143448,145776,148117,151424,153393,155110,157026,158978,161093,163125,163992,165438,166232,167058,167503
28020,"Kalamazoo-Portage, MI (Metropolitan Statistical Area)",239008,240080,241937,243834,242505,243259,244178,245431,246862,249023,250751,252600,255353,257311,258951,259676,261304,262998,264680,265066
28100,"Kankakee, IL (Metropolitan Statistical Area)",103842,104490,104932,105794,106744,107917,109735,111499,112658,113107,113418,113519,112974,112735,111883,111750,111080,110540,109953,109862
28140,"Kansas City, MO-KS (Metropolitan Statistical Area)",1817929,1837551,1858778,1875142,1892097,1909428,1931764,1954688,1973888,1994834,2013361,2025490,2038586,2053850,2069182,2085913,2107066,2127203,2144427,2157990
28420,"Kennewick-Richland, WA (Metropolitan Statistical Area)",192696,196420,202688,209043,213854,219086,224149,229255,237348,245600,255542,263487,268071,270766,274154,278945,283693,290096,295289,299612
28660,"Killeen-Temple, TX (Metropolitan Statistical Area)",332989,336409,341231,342865,349745,357533,365460,380804,392237,395375,408262,412348,423475,423931,426421,432583,436421,442998,451272,460303
28700,"Kingsport-Bristol, TN-VA (Metropolitan Statistical Area) *",298534,298648,299267,300370,300668,302519,304535,306805,308069,309293,309480,309098,308623,307811,307198,306279,306017,306496,306736,307202
28740,"Kingston, NY (Metropolitan Statistical Area)",177810,178440,180128,180942,181847,182438,182845,182818,183174,182638,182418,182448,181538,180698,180400,179658,179042,178635,178418,177573
28940,"Knoxville, TN (Metropolitan Statistical Area)",729194,735744,742420,750863,758622,768798,782685,794171,804719,811349,815984,820702,825007,829017,832928,837818,844942,853645,861234,869046
29020,"Kokomo, IN (Metropolitan Statistical Area)",84940,84909,84563,84538,84291,84382,83943,83743,83472,82701,82752,82797,82839,82738,82605,82338,82304,82210,82257,82544
29100,"La Crosse-Onalaska, WI-MN (Metropolitan Statistical Area)",127021,127624,128261,128780,128992,129549,130147,131190,131920,133072,133897,134106,135307,135655,136140,136385,136384,136710,136613,136616
29180,"Lafayette, LA (Metropolitan Statistical Area)",425158,426750,430358,432900,436018,439936,450740,454315,459111,463998,467612,470935,474205,479794,484876,489507,490877,490299,489680,489207
29200,"Lafayette-West Lafayette, IN (Metropolitan Statistical Area)",187356,189259,190379,192210,193605,196649,200685,203703,206556,209308,210687,213230,216449,219183,221445,223573,227088,228101,230938,233002
29340,"Lake Charles, LA (Metropolitan Statistical Area)",193491,193171,193321,194552,195444,196263,193069,194598,196362,198010,199943,200534,201110,202205,203296,205275,207464,209410,210190,210409
29420,"Lake Havasu City-Kingman, AZ (Metropolitan Statistical Area)",156215,160312,166155,172633,180521,188773,196168,199760,200078,199696,200314,202812,203347,203126,203423,204574,205412,207017,209292,212181
29460,"Lakeland-Winter Haven, FL (Metropolitan Statistical Area)",485515,492917,501469,513058,527685,547373,568324,585982,594801,598683,603102,609948,615453,622633,634398,648523,665823,685368,706597,724777
29540,"Lancaster, PA (Metropolitan Statistical Area)",471955,475483,480118,485119,489977,494722,500922,506639,511957,516577,520319,523957,526878,530012,533289,535811,538160,541332,543969,545724
29620,"Lansing-East Lansing, MI (Metropolitan Statistical Area)",520449,524067,527582,530834,534758,535500,536188,536230,535161,533857,534899,536605,537005,538089,540028,541271,545146,548380,548674,550391
29700,"Laredo, TX (Metropolitan Statistical Area)",194576,200347,206001,211786,217858,223703,229307,234594,240287,245908,251370,255935,260595,264430,267465,269865,272301,273691,275120,276652
29740,"Las Cruces, NM (Metropolitan Statistical Area)",175098,176496,178464,182045,184939,189199,193701,197853,200855,205401,210097,213126,214450,214288,213933,214034,214663,216174,217278,218195
29820,"Las Vegas-Henderson-Paradise, NV (Metropolitan Statistical Area)",1393909,1460500,1522962,1584166,1662773,1729522,1803774,1867817,1912349,1939407,1952587,1961925,1989224,2017193,2053134,2096717,2138836,2181635,2226115,2266715
29940,"Lawrence, KS (Metropolitan Statistical Area)",100247,101269,102552,103570,104826,105681,107187,107892,109010,110039,111198,112479,113313,114713,116445,118141,119662,120281,121109,122259
30020,"Lawton, OK (Metropolitan Statistical Area)",121695,119955,119889,117484,122341,121475,122980,125814,124166,126131,131569,132255,132696,131113,130909,130011,127676,127649,126348,126415
30140,"Lebanon, PA (Metropolitan Statistical Area)",120309,120954,121698,123154,124644,126197,128302,130182,131574,132959,133664,134529,135545,135804,136538,137479,138480,139553,141339,141793
30300,"Lewiston, ID-WA (Metropolitan Statistical Area)",57944,57446,57601,58183,58581,58979,59646,59908,60203,60464,61040,61409,61413,61927,62031,62108,62422,62798,62872,62990
30340,"Lewiston-Auburn, ME (Metropolitan Statistical Area)",103852,104260,105063,106140,106867,107352,107932,107739,108284,107830,107708,107439,107486,107223,107358,107124,107296,107399,107914,108277
30460,"Lexington-Fayette, KY (Metropolitan Statistical Area)",409924,414520,418448,424953,430229,436898,445685,452138,460112,467328,473412,478930,485236,490906,495137,501469,507387,512381,514938,517056
30620,"Lima, OH (Metropolitan Statistical Area)",108589,108523,108518,107418,106826,106861,106716,106717,106773,106518,106358,105988,105244,105055,104848,104095,103613,103093,102725,102351
30700,"Lincoln, NE (Metropolitan Statistical Area)",268042,271237,274972,279194,281768,285469,288940,292502,296258,299633,302961,306619,310328,314103,319634,323090,327409,330975,333800,336374
30780,"Little Rock-North Little Rock-Conway, AR (Metropolitan Statistical Area)",612313,618126,624166,631032,639558,648784,661719,671441,681888,691903,702294,710682,717665,723159,728190,730889,734166,737557,740081,742384
30860,"Logan, UT-ID (Metropolitan Statistical Area)",103211,104294,107180,108819,110813,112580,113321,115901,119394,123048,126167,127591,128693,129827,130804,132652,135521,137703,140104,142165
30980,"Longview, TX (Metropolitan Statistical Area)",256153,257630,259812,261565,263814,265873,269236,271474,274165,278306,280487,282427,283056,282589,283219,283767,283641,284602,285315,286657
31020,"Longview, WA (Metropolitan Statistical Area)",92984,93608,94325,94516,95541,96536,99162,100744,101688,102126,102358,102309,101663,101483,101790,102999,104740,106805,108752,110593
31080,"Los Angeles-Long Beach-Anaheim, CA (Metropolitan Statistical Area)",12392704,12511491,12614158,12696521,12734974,12726428,12670216,12631988,12692740,12774577,12838417,12925753,13013443,13097434,13166609,13234696,13270694,13278000,13249879,13214799
31140,"Louisville/Jefferson County, KY-IN (Metropolitan Statistical Area)",1092810,1100423,1108339,1119435,1129452,1139934,1154352,1169680,1183814,1194945,1204655,1211869,1220183,1232178,1239354,1246231,1252525,1259553,1262023,1265108
31180,"Lubbock, TX (Metropolitan Statistical Area)",256651,260015,262680,266338,268466,270478,274419,277466,280321,286236,292241,295338,297793,301167,306056,310001,313780,317094,319239,322257
31340,"Lynchburg, VA (Metropolitan Statistical Area) *",228855,229499,230356,232634,234574,238515,243213,246827,249299,251441,252969,254190,255725,256832,257953,259447,260537,261813,262893,263566
31420,"Macon-Bibb County, GA (Metropolitan Statistical Area)",222407,222869,224661,225987,227394,228125,229655,230452,231314,232065,232199,232707,232734,231225,230441,229795,229148,228985,229594,229996
31460,"Madera, CA (Metropolitan Statistical Area)",123587,125581,128369,132738,137106,140313,143622,146067,148359,149234,150986,151675,151527,151370,153456,153576,153956,155423,156882,157327
31540,"Madison, WI (Metropolitan Statistical Area)",537485,544773,552305,559138,566363,573036,580296,587711,594452,601715,606625,613159,619719,626833,633369,640198,648388,655250,659927,664865
31700,"Manchester-Nashua, NH (Metropolitan Statistical Area)",382162,387414,389665,391461,394428,396381,398169,398843,399556,400148,401055,402774,404344,405281,407275,408985,411333,413204,414630,417025
31740,"Manhattan, KS (Metropolitan Statistical Area)",109384,109195,108884,109379,110560,111294,114356,115675,120604,122738,128521,130746,137731,136294,135665,136989,134000,131667,131698,130285
31860,"Mankato, MN (Metropolitan Statistical Area)",85892,87105,88107,89336,90152,91111,92879,93963,95121,96111,96844,97325,97994,97718,98670,99199,100075,100968,101577,101927
31900,"Mansfield, OH (Metropolitan Statistical Area)",128853,128187,128363,128312,128094,127724,127292,126995,126128,125308,124162,123144,122633,122314,121999,121688,121242,120430,120987,121154
32580,"McAllen-Edinburg-Mission, TX (Metropolitan Statistical Area)",573216,590067,610520,632475,653779,674982,695352,715264,736694,757468,779149,795517,808334,818619,829819,839667,848960,856249,862298,868707
32780,"Medford, OR (Metropolitan Statistical Area)",181775,183835,186704,189838,192185,194701,196858,199152,201162,202301,203341,204747,205852,207179,209189,211403,214366,216746,219411,220944
32820,"Memphis, TN-MS-AR (Metropolitan Statistical Area)",1208223,1216621,1227121,1239341,1250802,1263658,1283389,1293670,1302060,1309030,1317489,1323741,1331396,1332114,1333432,1334790,1336204,1338582,1342497,1346045
32900,"Merced, CA (Metropolitan Statistical Area)",212258,218816,225351,231735,237180,242554,245338,248540,250538,252302,256721,259297,260867,262026,264419,266353,267628,271096,274151,277680
33100,"Miami-Fort Lauderdale-Pompano Beach, FL (Metropolitan Statistical Area)",5025895,5110780,5197205,5261713,5336368,5411148,5429748,5422987,5454633,5504624,5583394,5668271,5745743,5822754,5893858,5969135,6055686,6118155,6143837,6166488
33140,"Michigan City-La Porte, IN (Metropolitan Statistical Area)",110121,110077,109555,109027,108914,109541,109641,110846,111267,111465,111459,111317,111304,111423,111735,110835,110222,109842,109981,109888
33220,"Midland, MI (Metropolitan Statistical Area)",82913,83576,83664,84012,84058,83930,83693,83600,83605,83639,83651,83805,83721,83651,83492,83662,83422,83314,83223,83156
33260,"Midland, TX (Metropolitan Statistical Area)",120280,120877,122371,123717,125144,126963,130287,133448,137060,140948,141783,145108,152312,157628,162187,167974,169466,170849,178186,182603
33340,"Milwaukee-Waukesha, WI (Metropolitan Statistical Area)",1502420,1507257,1514251,1519746,1522302,1522391,1523907,1530492,1538232,1549613,1556678,1561296,1567248,1571732,1575002,1576496,1576004,1574444,1573995,1575179
33460,"Minneapolis-St. Paul-Bloomington, MN-WI (Metropolitan Statistical Area)",3029064,3071250,3100852,3128159,3156700,3183920,3219203,3254350,3285969,3315368,3340007,3373392,3405952,3440782,3476192,3503728,3538527,3575699,3610061,3640043
33540,"Missoula, MT (Metropolitan Statistical Area)",96178,97435,98968,99976,100934,102298,104372,106110,107747,108717,109467,110245,111042,111900,112801,114122,116349,117834,118640,119600
33660,"Mobile, AL (Metropolitan Statistical Area)",418174,418062,416444,415992,415760,416632,420621,423206,426692,429487,430941,430423,430962,430815,431017,431294,431566,430567,430310,429536
33700,"Modesto, CA (Metropolitan Statistical Area)",449471,463761,477469,487357,492613,500020,504651,507834,509032,511536,515145,517560,520424,523451,528015,533211,539255,544717,548126,550660
33740,"Monroe, LA (Metropolitan Statistical Area)",200994,200177,200671,201530,201860,201596,203181,202405,202736,203814,204675,204886,205151,205454,205570,205668,205319,203894,202138,200261
33780,"Monroe, MI (Metropolitan Statistical Area)",146364,147605,148561,149747,151117,152374,153460,153424,152806,152296,151936,151496,150804,150139,149847,149353,149159,149449,150174,150500
33860,"Montgomery, AL (Metropolitan Statistical Area)",347080,348725,350984,352411,355009,358659,365989,369390,370249,371860,375119,375549,374872,374114,373476,373365,373865,374174,373022,373290
34060,"Morgantown, WV (Metropolitan Statistical Area)",111338,112764,114343,116466,118062,119937,121894,123507,125267,127498,130308,132678,134813,135948,137396,138523,139403,139608,139204,139044
34100,"Morristown, TN (Metropolitan Statistical Area)",123449,124536,124851,126539,127816,129574,131883,134085,135495,136131,136945,137560,137753,137924,138280,139212,139924,140898,141778,142749
34580,"Mount Vernon-Anacortes, WA (Metropolitan Statistical Area)",103420,104534,105563,107369,109030,110683,112621,114066,115808,116557,116944,117578,117714,118255,119966,121559,123603,125860,127835,129205
34620,"Muncie, IN (Metropolitan Statistical Area)",118776,120281,119949,119935,118938,118170,117326,117229,117007,117490,117665,117901,117027,116831,116487,115767,115657,115246,114297,114135
34740,"Muskegon, MI (Metropolitan Statistical Area)",170396,171055,171563,172269,172771,173608,173710,173738,173846,172755,171913,170026,170159,172273,172254,172447,173227,173645,173599,173566
34820,"Myrtle Beach-Conway-North Myrtle Beach, SC-NC (Metropolitan Statistical Area)",271736,277987,284862,292309,302421,317745,336132,351472,363866,371417,378343,385650,393299,403705,416065,431198,447337,463514,480985,496901
34900,"Napa, CA (Metropolitan Statistical Area)",124565,126818,128744,130138,130387,130381,131440,132583,134093,135280,136759,137691,138538,139580,140405,140862,140840,139878,138789,137744
34940,"Naples-Marco Island, FL (Metropolitan Statistical Area)",254015,264240,275490,285321,296021,307452,312621,314437,316641,318485,322581,327629,332233,338987,347211,356041,365445,372678,378201,384902
34980,"Nashville-Davidson--Murfreesboro--Franklin, TN (Metropolitan Statistical Area)",1364950,1386403,1404664,1426723,1454773,1487370,1529238,1567875,1602302,1629646,1650831,1674534,1703609,1735012,1768350,1804671,1841294,1874515,1904726,1934317
35100,"New Bern, NC (Metropolitan Statistical Area)",115156,116388,115664,115776,116520,117787,119915,120873,122491,125202,127423,128135,128409,127172,126778,125371,124985,124703,124584,124284
35300,"New Haven-Milford, CT (Metropolitan Statistical Area)",824911,829875,835099,841939,844505,847162,850207,853598,856622,860025,863357,863871,864566,862820,862885,860186,857901,857748,856971,854757
35380,"New Orleans-Metairie, LA (Metropolitan Statistical Area)",1339280,1344528,1354638,1365146,1377699,1386429,1040195,1096365,1135831,1167842,1195324,1214008,1226887,1239584,1248905,1260281,1267613,1270326,1270133,1270530
35620,"New York-Newark-Jersey City, NY-NJ-PA (Metropolitan Statistical Area)",18356204,18476764,18554586,18598803,18597871,18568830,18538752,18572325,18672355,18800157,18923407,19052774,19149689,19226449,19280929,19320968,19334778,19322607,19276644,19216182
35660,"Niles, MI (Metropolitan Statistical Area)",162471,161153,160604,160314,159742,158510,157537,157378,157380,157059,156737,156885,156621,156129,155977,155022,154325,154128,153790,153401
35840,"North Port-Sarasota-Bradenton, FL (Metropolitan Statistical Area)",592809,605988,620540,634862,653934,674757,685132,691735,695944,697973,703354,709775,720281,731796,747228,767309,788341,805186,820716,836995
35980,"Norwich-New London, CT (Metropolitan Statistical Area)",259848,261396,264698,266584,268595,269664,270814,270669,272634,273630,274004,273037,274091,272976,271462,269636,268403,267419,266285,265206
36100,"Ocala, FL (Metropolitan Statistical Area)",260221,264553,271716,280091,291164,303558,316310,325634,330052,330880,331331,332286,333873,335083,338005,342182,347469,353339,359062,365579
36140,"Ocean City, NJ (Metropolitan Statistical Area)",102314,102023,101694,101710,100482,99269,98695,97686,97550,97238,97212,96494,96228,95498,94907,94160,93655,93129,92446,92039
36220,"Odessa, TX (Metropolitan Statistical Area)",120694,120802,122199,122739,124163,125378,127476,130459,133064,136930,137075,139642,144495,149656,154588,159903,157858,156951,161960,166223
36260,"Ogden-Clearfield, UT (Metropolitan Statistical Area)",487906,495459,504247,513021,522374,532425,545746,561767,577040,588773,599740,605591,612185,621224,630767,640334,652476,664040,673660,683864
36420,"Oklahoma City, OK (Metropolitan Statistical Area)",1098132,1108860,1122241,1134419,1145524,1161308,1182668,1199665,1216645,1237780,1257793,1277045,1297857,1320148,1336256,1357178,1372985,1381492,1393605,1408950
36500,"Olympia-Lacey-Tumwater, WA (Metropolitan Statistical Area)",208287,212421,216313,219499,222985,227023,232688,237772,244332,249936,253001,256386,258527,261852,264909,267978,273714,280269,286056,290536
36540,"Omaha-Council Bluffs, NE-IA (Metropolitan Statistical Area)",769291,776165,783567,792086,803214,814309,824961,834554,845119,856233,867671,876022,884555,893864,903335,913073,923431,931987,940970,949442
36740,"Orlando-Kissimmee-Sanford, FL (Metropolitan Statistical Area)",1656890,1710359,1760345,1811544,1878077,1955794,2020057,2057865,2087489,2111917,2139161,2176054,2225636,2270149,2324391,2388509,2455583,2517777,2574838,2608147
36780,"Oshkosh-Neenah, WI (Metropolitan Statistical Area)",157103,158163,159134,159440,160130,161451,162727,164037,164910,166429,167073,167493,168525,169283,169324,169246,169629,170394,170878,171907
36980,"Owensboro, KY (Metropolitan Statistical Area)",110064,109991,110190,110735,110999,111469,112152,112900,113651,114385,114770,115255,115972,116373,116529,117521,118092,118455,118879,119440
37100,"Oxnard-Thousand Oaks-Ventura, CA (Metropolitan Statistical Area)",756506,766689,779489,788070,793994,794197,798183,800027,806353,815130,825097,830099,833516,838136,842297,845802,847323,849044,848142,846006
37340,"Palm Bay-Melbourne-Titusville, FL (Metropolitan Statistical Area)",477819,486429,495425,504847,518722,529907,535138,539719,542378,542109,543965,544359,546966,550255,555548,565746,576874,587769,595203,601942
37460,"Panama City, FL (Metropolitan Statistical Area)",148393,150207,152741,155044,158804,162917,165644,165345,166267,167464,169206,169555,171757,174596,178289,181488,183634,184736,186240,174705
37620,"Parkersburg-Vienna, WV (Metropolitan Statistical Area)",93711,93536,93424,92974,92705,92655,92343,92295,92528,92544,92698,92643,92390,92360,92259,92139,91476,90846,89991,89339
37860,"Pensacola-Ferry Pass-Brent, FL (Metropolitan Statistical Area)",413085,419037,425006,428066,435466,439471,443378,443551,445392,446559,450946,455139,461613,467086,470628,475537,481367,487298,494399,502629
37900,"Peoria, IL (Metropolitan Statistical Area)",404875,403480,403899,403961,405592,407224,409074,411451,413206,416463,416051,416687,416866,418092,415479,412856,410754,406913,403328,400561
37980,"Philadelphia-Camden-Wilmington, PA-NJ-DE-MD (Metropolitan Statistical Area)",5691968,5713954,5743383,5773864,5804535,5829139,5856125,5882126,5906917,5941539,5970899,5996232,6016616,6030134,6046382,6056816,6066661,6078522,6091208,6102434
38060,"Phoenix-Mesa-Chandler, AZ (Metropolitan Statistical Area)",3273477,3363736,3452470,3536388,3637332,3774696,3914212,4018128,4106372,4153609,4204204,4253037,4329756,4403121,4488970,4578519,4673336,4758748,4849209,4948203
38220,"Pine Bluff, AR (Metropolitan Statistical Area)",107184,106464,105965,105465,104665,103917,103121,101921,101305,100593,100107,99052,97423,95769,94882,94022,92380,90875,89246,87804
38300,"Pittsburgh, PA (Metropolitan Statistical Area)",2428303,2417480,2408348,2401168,2389107,2374483,2364039,2358914,2356802,2355432,2357090,2360417,2360443,2359803,2356189,2347757,2340222,2329004,2322653,2317600
38340,"Pittsfield, MA (Metropolitan Statistical Area)",134769,133928,133529,133423,133076,132563,131977,131883,131372,131264,131317,130547,130284,129488,128856,127858,127067,126353,125901,124944
38540,"Pocatello, ID (Metropolitan Statistical Area)",83212,83718,83858,83605,84266,84845,86055,86870,88173,89622,90892,91421,91585,91246,91265,91871,92357,93088,94374,95489
38860,"Portland-South Portland, ME (Metropolitan Statistical Area)",489179,494975,500178,504858,508428,510287,510614,512265,514191,514728,513911,516070,517632,519987,523989,525831,528912,531899,535232,538500
38900,"Portland-Vancouver-Hillsboro, OR-WA (Metropolitan Statistical Area)",1934792,1971152,2002918,2024115,2039297,2067325,2103164,2137828,2172853,2206737,2232181,2262834,2288465,2311015,2343994,2381660,2426575,2454815,2473350,2492412
38940,"Port St. Lucie, FL (Metropolitan Statistical Area)",320819,328315,338741,351522,368277,383877,397053,410402,417520,419850,425173,428287,431912,436425,443164,452841,463891,472864,481167,489297
39100,"Poughkeepsie-Newburgh-Middletown, NY (Metropolitan Statistical Area)",623806,632386,640675,649508,655793,658884,661620,663783,666468,668966,671173,672230,670722,670588,669972,669842,670828,673303,676065,679158
39150,"Prescott Valley-Prescott, AZ (Metropolitan Statistical Area)",168608,172636,177362,182090,187822,195424,204082,208773,211211,211172,210983,211044,211990,214421,217716,220805,224575,228082,231772,235099
39300,"Providence-Warwick, RI-MA (Metropolitan Statistical Area)",1586085,1595424,1608716,1617623,1620567,1613353,1607583,1602603,1601459,1600970,1603125,1602957,1605741,1607460,1611026,1612928,1614840,1616614,1622379,1624578
39340,"Provo-Orem, UT (Metropolitan Statistical Area)",380079,394059,405672,414780,425023,439623,457471,479181,497639,515010,530262,541001,549980,561534,571059,583218,601304,618035,633149,648252
39380,"Pueblo, CO (Metropolitan Statistical Area)",141800,144014,146537,147907,148654,149825,152026,155121,156748,157846,159390,160184,160721,161033,161356,163006,164774,166283,167422,168424
39460,"Punta Gorda, FL (Metropolitan Statistical Area)",142266,146311,150123,153235,157755,155262,157099,159742,160467,159629,159875,159869,162744,164671,168041,172382,177671,181522,184849,188910
39540,"Racine, WI (Metropolitan Statistical Area)",188904,189047,189833,190845,191808,193251,193915,194395,194730,195130,195406,194908,194594,194680,194786,194672,194846,195825,196357,196311
39580,"Raleigh-Cary, NC (Metropolitan Statistical Area)",804157,833100,859117,883333,909510,944725,989219,1034476,1077163,1110061,1137383,1162179,1187848,1213499,1241189,1271091,1303854,1334235,1361590,1390785
39660,"Rapid City, SD (Metropolitan Statistical Area)",113124,114324,115323,115690,117624,118188,119479,120890,123059,125159,126727,127903,130075,132320,134231,134858,136450,138444,140154,142107
39740,"Reading, PA (Metropolitan Statistical Area)",374546,377487,381338,385846,390848,395933,401834,405223,407737,409904,412039,413008,413518,413915,414559,415138,415784,417511,420529,421164
39820,"Redding, CA (Metropolitan Statistical Area)",163615,166408,170198,173202,174867,175615,176166,176548,177247,177279,177274,177588,177875,178397,178844,178314,178571,179384,179709,180080
39900,"Reno, NV (Metropolitan Statistical Area)",344782,355341,365706,375713,386308,396546,404366,412724,418892,421787,425951,427901,431208,434878,440110,446329,453709,460605,468335,475642
40060,"Richmond, VA (Metropolitan Statistical Area) *",1043450,1055256,1068409,1082054,1098719,1116391,1137479,1153700,1168018,1179342,1188246,1197059,1211015,1222549,1235006,1246665,1258471,1269566,1281053,1291900
40140,"Riverside-San Bernardino-Ontario, CA (Metropolitan Statistical Area)",3277022,3377365,3486938,3617771,3755607,3875709,3986510,4067344,4113447,4160685,4242424,4294897,4334716,4369493,4415343,4461227,4512041,4565909,4612542,4650631
40220,"Roanoke, VA (Metropolitan Statistical Area) *",288699,289547,290466,292082,293745,296405,299930,302858,305596,307816,308589,309134,310479,311878,312747,313152,312647,312988,313033,313222
40340,"Rochester, MN (Metropolitan Statistical Area)",185573,187803,190646,193067,195300,197188,199763,201782,204181,206097,207222,208473,209547,211502,212659,213933,216163,217993,219814,221921
40380,"Rochester, NY (Metropolitan Statistical Area)",1066482,1068215,1070355,1071918,1072494,1070418,1070370,1072040,1075302,1077941,1079974,1081557,1081508,1081736,1080094,1077092,1074063,1071962,1071621,1069644
40420,"Rockford, IL (Metropolitan Statistical Area)",321033,323229,325747,329472,332230,335903,341202,347503,349937,349766,349184,347773,345819,344692,342409,340727,339635,338194,337110,336116
40580,"Rocky Mount, NC (Metropolitan Statistical Area)",143139,144034,144698,145487,146326,147027,148256,149644,151138,151729,152405,151790,150862,149843,149066,147529,147236,146775,146078,145770
40660,"Rome, GA (Metropolitan Statistical Area)",90837,91181,92597,93539,94014,94332,95165,95308,95922,96383,96431,96161,95940,95880,95868,96186,96698,97500,97964,98498
40900,"Sacramento-Roseville-Folsom, CA (Metropolitan Statistical Area)",1807949,1866310,1923508,1970542,2008663,2034850,2057885,2082217,2108310,2132657,2153613,2172948,2190266,2210512,2235640,2263121,2291533,2319572,2341940,2363730
40980,"Saginaw, MI (Metropolitan Statistical Area)",209899,209460,209323,208755,208489,207368,205822,203144,201966,200835,199862,198899,198363,196794,195248,193305,192507,191965,190791,190539
41060,"St. Cloud, MN (Metropolitan Statistical Area)",168139,170587,173123,175161,176860,179222,181873,184598,186507,188114,189218,190090,190562,191552,193109,195425,196912,198436,200166,201964
41100,"St. George, UT (Metropolitan Statistical Area)",91206,94512,99274,104188,110207,119000,126796,132277,135552,137088,138389,141249,144139,146987,151081,154650,159352,165929,171567,177556
41140,"St. Joseph, MO-KS (Metropolitan Statistical Area)",124091,123936,123894,123923,123366,123484,124222,125483,126077,127001,127271,127700,127908,127635,127261,126724,126597,126323,125998,125223
41180,"St. Louis, MO-IL (Metropolitan Statistical Area)",2678822,2690131,2700121,2711031,2721868,2730316,2744265,2755581,2767776,2779404,2789989,2795155,2796682,2799472,2803430,2807503,2805502,2805758,2803958,2803228
41420,"Salem, OR (Metropolitan Statistical Area)",348007,351581,356668,360377,363708,368046,374317,379755,384075,388323,391479,393978,396076,398015,402092,408022,416818,424242,430404,433903
41500,"Salinas, CA (Metropolitan Statistical Area)",402990,407082,408977,409725,408731,405139,401831,402376,406022,410263,416373,420456,424788,426712,428475,430552,433953,434534,433950,434061
41540,"Salisbury, MD-DE (Metropolitan Statistical Area)",313744,319128,325063,332157,338528,345704,353828,360918,366772,370558,374821,378196,381216,384567,388766,393526,398676,404155,409999,415726
41620,"Salt Lake City, UT (Metropolitan Statistical Area)",942537,954081,963150,971454,982034,997221,1018281,1037540,1055462,1074013,1091478,1106800,1123748,1140025,1151447,1164912,1184721,1204205,1218681,1232696
41660,"San Angelo, TX (Metropolitan Statistical Area)",107199,106937,107058,107287,107634,107785,108898,109441,110379,111626,113422,114513,116071,117519,119233,120390,120535,120365,120834,122027
41700,"San Antonio-New Braunfels, TX (Metropolitan Statistical Area)",1720003,1748123,1784153,1815846,1857602,1896328,1956361,2011543,2061275,2105672,2153009,2193923,2236981,2280002,2328894,2379232,2426276,2472121,2512379,2550960
41740,"San Diego-Chula Vista-Carlsbad, CA (Metropolitan Statistical Area)",2827366,2869672,2900355,2914702,2930007,2938375,2947289,2975742,3022116,3061203,3103212,3137156,3174335,3209768,3248877,3280850,3306089,3321237,3333861,3338330
41860,"San Francisco-Oakland-Berkeley, CA (Metropolitan Statistical Area)",4135875,4174788,4158544,4145965,4133400,4137858,4148724,4183637,4243932,4302830,4343634,4395725,4455473,4519636,4584981,4647924,4688198,4712421,4726314,4731803
41940,"San Jose-Sunnyvale-Santa Clara, CA (Metropolitan Statistical Area)",1738728,1742726,1724404,1718790,1718016,1729959,1745283,1766098,1795231,1819573,1841556,1868031,1894452,1923664,1949578,1974501,1987593,1992674,1993804,1990660
42020,"San Luis Obispo-Paso Robles, CA (Metropolitan Statistical Area)",247839,251462,253083,254674,256842,258615,260498,262770,266358,268145,269802,271058,274160,275696,278227,280077,281803,282481,283354,283111
42100,"Santa Cruz-Watsonville, CA (Metropolitan Statistical Area)",255835,256045,254531,253021,252356,251377,251616,253304,256520,260009,263147,264858,266340,268816,270861,273503,274396,274856,273841,273213
42140,"Santa Fe, NM (Metropolitan Statistical Area)",129713,131057,133555,135213,136391,137610,138786,140210,141704,143205,144522,145847,146722,147465,147782,148098,148758,149491,149761,150358
42200,"Santa Maria-Santa Barbara, CA (Metropolitan Statistical Area)",399990,403164,405178,406810,407284,408079,408085,411243,415859,420356,424231,425453,429699,434601,439045,442229,444340,445298,445780,446499
42220,"Santa Rosa-Petaluma, CA (Metropolitan Statistical Area)",460421,465293,465298,466489,466809,465938,465188,467356,473091,479479,484755,487421,489993,494073,498560,500863,502547,502469,498643,494336
42340,"Savannah, GA (Metropolitan Statistical Area)",293721,297133,301644,304585,310553,314528,322065,329943,335185,344017,348640,355582,361745,365103,371275,377827,383153,386394,389453,393353
42540,"Scranton--Wilkes-Barre, PA (Metropolitan Statistical Area)",559879,557476,555702,555483,555495,556652,557626,560032,561548,562933,563740,563676,563704,561495,560146,557734,555722,555655,555215,553885
42660,"Seattle-Tacoma-Bellevue, WA (Metropolitan Statistical Area)",3052187,3092927,3118302,3133021,3158967,3198265,3257081,3304467,3355042,3414797,3449241,3503891,3558829,3612347,3675160,3739654,3816355,3885579,3935179,3979845
42680,"Sebastian-Vero Beach, FL (Metropolitan Statistical Area)",113323,115456,118144,120450,125001,127955,131463,134564,136277,137016,138270,139103,140473,141895,144445,147434,151159,154241,157187,159923
42700,"Sebring-Avon Park, FL (Metropolitan Statistical Area)",87417,88510,89939,90943,93079,95614,97788,99023,99568,98956,98635,98477,98222,98077,98584,100137,102041,103852,104933,106221
43100,"Sheboygan, WI (Metropolitan Statistical Area)",112739,113023,113251,113433,113832,114454,114775,115178,115652,115562,115524,115208,114767,114697,114982,115196,115030,115089,115233,115340
43300,"Sherman-Denison, TX (Metropolitan Statistical Area)",110939,112330,113239,114421,114998,115666,117174,118331,118834,120069,121034,121430,121854,122362,123599,125628,128291,131152,133787,136212
43340,"Shreveport-Bossier City, LA (Metropolitan Statistical Area)",376150,376250,376578,377109,380550,383099,389521,390221,392367,394845,399935,403880,407435,406237,404534,404000,401947,400161,397281,394706
43420,"Sierra Vista-Douglas, AZ (Metropolitan Statistical Area)",118132,118798,119847,120638,123234,125786,127241,128206,129023,130081,131822,133097,132017,129578,127314,126454,125686,124864,126411,125922
43580,"Sioux City, IA-NE-SD (Metropolitan Statistical Area)",142892,142193,141815,141374,141136,139860,140363,140721,141298,142645,143901,144171,143723,143623,143590,143736,143844,143165,143787,144701
43620,"Sioux Falls, SD (Metropolitan Statistical Area)",188310,191693,194442,197813,202328,206605,211576,216943,221887,225913,229099,232150,237032,241772,246133,250012,254602,260083,263810,268232
43780,"South Bend-Mishawaka, IN-MI (Metropolitan Statistical Area)",316991,316897,316678,316545,316831,317221,317778,318668,319966,319189,319044,318884,318296,318639,319410,319703,321144,321538,322697,323613
43900,"Spartanburg, SC (Metropolitan Statistical Area)",254443,256469,258467,260223,261828,264481,268898,274215,279673,283335,284731,286102,288176,290414,292981,296558,300867,306740,314137,319785
44060,"Spokane-Spokane Valley, WA (Metropolitan Statistical Area)",459013,463126,467441,471299,476290,482051,489883,499209,505661,511783,515553,516889,518930,521603,526336,532163,541030,550259,558827,568521
44100,"Springfield, IL (Metropolitan Statistical Area)",201628,202427,203281,203901,204526,204988,205887,206771,207874,208900,210465,211736,212095,211713,211692,211254,210424,209365,207928,206868
44140,"Springfield, MA (Metropolitan Statistical Area)",680368,680632,684002,687131,687735,688409,689284,689853,691239,692079,694935,698017,699061,699964,701671,700688,699804,699387,700138,697382
44180,"Springfield, MO (Metropolitan Statistical Area)",369920,375215,380529,387040,394660,402883,413765,423127,429289,434220,437349,440432,444329,448427,451556,455593,457917,462090,466273,470300
44220,"Springfield, OH (Metropolitan Statistical Area)",144605,143803,143229,141758,141380,141367,140668,139829,139404,138778,138274,137811,137171,136638,136311,135746,134723,134549,134528,134083
44300,"State College, PA (Metropolitan Statistical Area)",135965,137620,140821,142926,144238,145543,148734,149498,151645,153052,154230,155067,155826,158231,159653,160466,162034,162316,162601,162385
44420,"Staunton, VA (Metropolitan Statistical Area) *",109129,109602,110436,111549,112751,114085,116262,117708,118420,118593,118314,118774,118463,119110,119469,120019,120747,121744,122628,123120
44700,"Stockton, CA (Metropolitan Statistical Area)",567885,591207,609041,626778,642898,656985,662812,668080,671692,677736,687127,694354,699593,702046,711579,722271,732809,743296,752491,762148
44940,"Sumter, SC (Metropolitan Statistical Area)",137330,137516,138474,138417,139721,139929,140047,140264,141338,141946,142555,142018,142126,142007,141877,141180,141334,140443,140151,140466
45060,"Syracuse, NY (Metropolitan Statistical Area)",649961,650697,652241,655091,656149,655021,655321,656209,658913,660857,663110,662482,660902,661773,660085,657648,654391,651164,650281,648593
45220,"Tallahassee, FL (Metropolitan Statistical Area)",321336,324386,327940,334289,339179,344257,350580,357357,361238,364690,369345,371246,375272,373187,375356,377602,378672,383173,384318,387227
45300,"Tampa-St. Petersburg-Clearwater, FL (Metropolitan Statistical Area)",2404013,2444015,2487445,2529652,2587771,2651580,2699935,2726780,2746981,2763937,2788366,2813269,2843636,2880536,2927395,2983928,3048963,3106922,3154649,3194831
45460,"Terre Haute, IN (Metropolitan Statistical Area)",188034,187699,187329,187953,187461,188030,189106,189436,189455,189516,189523,189541,189555,189089,188240,187365,187241,186846,186726,186367
45500,"Texarkana, TX-AR (Metropolitan Statistical Area)",143205,142882,143149,143582,143996,144534,146051,146273,147495,148743,149332,149515,149609,149509,149229,149244,149543,149567,149347,148761
45540,"The Villages, FL (Metropolitan Statistical Area)",53738,55793,59539,61934,64456,69261,76202,82101,86433,90643,94278,97975,101669,106898,112236,117076,122009,124995,128719,132420
45780,"Toledo, OH (Metropolitan Statistical Area)",659190,660052,659750,660335,659745,658448,656222,655257,653518,652232,651372,650166,648750,648403,647228,645973,645441,644364,643089,641816
45820,"Topeka, KS (Metropolitan Statistical Area)",224859,225090,225355,226153,227155,228208,228825,230025,231272,232548,234266,234696,234407,233838,233717,233520,233139,232994,232266,231969
45940,"Trenton-Princeton, NJ (Metropolitan Statistical Area)",351465,353816,355935,358724,361248,362015,362840,363088,364119,365388,367713,367378,368554,369429,368909,368124,367699,368168,368188,367430
46060,"Tucson, AZ (Metropolitan Statistical Area)",848019,859280,874267,885893,901342,920298,940930,955869,967778,975580,981620,988381,993052,997127,1004229,1009103,1016707,1026391,1036554,1047279
46140,"Tulsa, OK (Metropolitan Statistical Area)",861237,867602,874844,877577,878004,882861,894011,906441,916525,929824,939833,945750,952484,961904,969421,980926,988706,991330,993135,998626
46220,"Tuscaloosa, AL (Metropolitan Statistical Area)",214391,215558,216258,217173,218791,222220,227299,230142,233663,237813,239481,240363,242328,244378,246988,249066,250099,250933,251257,252047
46300,"Twin Falls, ID (Metropolitan Statistical Area)",82853,83135,84203,86063,87640,89487,92085,94310,96360,98310,99987,100620,101128,102662,103912,105216,107252,109142,110095,111290
46340,"Tyler, TX (Metropolitan Statistical Area)",175658,177836,181107,184254,187300,191362,196124,199953,203263,207111,210408,212764,214811,216475,219642,222390,225161,227195,229749,232751
46520,"Urban Honolulu, HI (Metropolitan Statistical Area)",876629,882755,890473,894311,907997,918181,926954,925335,933680,943177,956285,967336,977994,986059,987414,991064,992268,986353,979858,974563
46540,"Utica-Rome, NY (Metropolitan Statistical Area)",299597,298521,298049,298323,298986,298574,298258,298831,298886,299000,299226,298604,297992,297230,295982,293916,292811,292174,291187,289990
46660,"Valdosta, GA (Metropolitan Statistical Area)",119729,119736,121305,121850,124387,126411,129323,131036,134907,137780,140054,142007,144121,142937,143433,143311,144471,145360,146143,147292
46700,"Vallejo, CA (Metropolitan Statistical Area)",396974,404209,408226,408409,409301,408181,408402,408243,408972,410290,413967,416342,419674,423659,429006,433409,438858,443511,445725,447643
47020,"Victoria, TX (Metropolitan Statistical Area)",90944,91511,91624,91809,91789,91523,91649,92403,92926,93792,94102,94765,96447,97518,98548,99649,99914,99597,99466,99742
47220,"Vineland-Bridgeton, NJ (Metropolitan Statistical Area)",146263,146451,147294,148437,149837,152022,153371,154489,155738,156531,156699,157043,156934,156098,156009,154712,153233,151423,150635,149527
47260,"Virginia Beach-Norfolk-Newport News, VA-NC (Metropolitan Statistical Area) *",1617490,1626238,1641177,1649748,1676784,1684092,1701595,1700315,1699574,1705438,1717036,1723208,1734121,1741366,1750937,1756340,1758763,1760926,1763713,1768901
47300,"Visalia, CA (Metropolitan Statistical Area)",368627,373171,379568,388743,398226,407970,414921,422140,429283,436987,442969,446784,449779,452460,455138,457161,459235,462308,464589,466195
47380,"Waco, TX (Metropolitan Statistical Area)",232489,233379,234661,236830,239419,240784,242397,244453,246735,249441,253808,255700,256938,258685,260376,262660,264829,268971,271427,273920
47460,"Walla Walla, WA (Metropolitan Statistical Area)",55178,55072,55666,56108,56652,56569,56705,56840,57315,58103,58915,59444,59329,59361,59510,59932,60008,60512,60615,60760
47580,"Warner Robins, GA (Metropolitan Statistical Area)",135165,137495,140759,143991,148541,150957,154488,158840,162144,164890,168508,171561,173592,174689,175717,176293,178507,180163,182886,185409
47900,"Washington-Arlington-Alexandria, DC-VA-MD-WV (Metropolitan Statistical Area) *",4875923,4982993,5068667,5137498,5212772,5286683,5332180,5386334,5458415,5561253,5678491,5782319,5878942,5963312,6031945,6093950,6149301,6211341,6247841,6280487
47940,"Waterloo-Cedar Falls, IA (Metropolitan Statistical Area)",163699,163590,162634,162388,162793,163260,163976,164310,165724,167225,167920,168443,168811,169853,170450,170852,170110,169359,168936,168522
48060,"Watertown-Fort Drum, NY (Metropolitan Statistical Area)",111790,111422,111112,110246,109924,113486,113650,115059,115033,115023,116592,117752,120235,118490,117971,116371,112980,113157,111866,109834
48140,"Wausau-Weston, WI (Metropolitan Statistical Area)",155665,156007,156521,156932,157521,158560,159973,161045,162130,162626,162829,162844,162870,163189,163241,163181,162935,163203,163094,163285
48260,"Weirton-Steubenville, WV-OH (Metropolitan Statistical Area)",131681,130701,129750,129141,128241,127464,126321,125236,124959,124734,124329,123482,122680,122139,121507,120665,119269,118074,116982,116074
48300,"Wenatchee, WA (Metropolitan Statistical Area)",99322,99361,99786,100654,101968,103369,105094,106717,108029,109614,111264,111876,112669,113110,113894,115586,117221,118325,119501,120629
48540,"Wheeling, WV-OH (Metropolitan Statistical Area)",152914,151728,151442,150666,150186,149438,149208,148727,148073,147910,147899,147260,146527,145938,144968,144157,142955,141255,140059,138948
48620,"Wichita, KS (Metropolitan Statistical Area)",572226,575446,580247,582168,584565,588021,593382,600805,609250,619330,623887,625327,628159,630365,632810,635551,637653,637511,637519,640218
48660,"Wichita Falls, TX (Metropolitan Statistical Area)",151847,150770,150995,150694,152033,151152,151596,150641,150287,150768,151649,150311,151040,151448,151867,150083,150327,150956,150955,151254
48700,"Williamsport, PA (Metropolitan Statistical Area)",119851,118930,118344,118108,117911,117530,116983,116524,116147,116081,116225,116748,117222,116598,116290,115598,114876,114012,113866,113299
48900,"Wilmington, NC (Metropolitan Statistical Area)",202099,205996,210563,214877,222498,230897,238272,243520,248260,251814,255699,259141,262759,267700,271863,276848,283580,289447,294273,297533
49020,"Winchester, VA-WV (Metropolitan Statistical Area) *",103626,106252,108945,111464,114383,117847,121229,123863,125728,127333,128652,129954,130910,132278,133526,134284,135739,138020,139492,140566
49180,"Winston-Salem, NC (Metropolitan Statistical Area)",571210,578186,584321,588964,594765,602805,613494,623068,632186,637688,641245,644266,646794,649901,653250,656277,661024,666640,671129,676008
49340,"Worcester, MA-CT (Metropolitan Statistical Area)",861697,871081,879568,887129,892171,896901,902123,905524,908735,913363,918935,922378,924856,928346,932278,934604,936422,942147,946113,947404
49420,"Yakima, WA (Metropolitan Statistical Area)",222615,222757,223402,225161,227280,228570,230617,232733,235272,239604,244256,245926,246127,246485,246870,247800,249327,249922,250562,250873
49620,"York-Hanover, PA (Metropolitan Statistical Area)",382743,385773,389692,395093,401403,409066,418043,424919,429399,433022,435413,436701,437466,438932,440475,441741,443693,445484,447847,449058
49660,"Youngstown-Warren-Boardman, OH-PA (Metropolitan Statistical Area)",602227,599116,594958,592016,588478,584222,580420,575543,570952,568156,564826,562347,558530,555850,553039,548798,544582,541545,538226,536081
49700,"Yuba City, CA (Metropolitan Statistical Area)",139564,141387,144262,147404,150226,155049,160384,163720,165628,165973,167099,166971,166963,167597,168311,169327,170694,172782,173905,175639
49740,"Yuma, AZ (Metropolitan Statistical Area) *",160576,162873,165398,168003,172824,178816,183848,187357,191202,193714,197127,202841,202475,202420,204054,205186,207247,209507,211612,213787
Legend / Footnotes:,,,,,,,,,,,,,,,,,,,,,
3/ Census Bureau midyear population estimates. Estimates for 2010-2019 reflect county population estimates available as of March 2020.,,,,,,,,,,,,,,,,,,,,,
"* Cibola, NM was separated from Valencia in June 1981, but in these estimates, Valencia includes Cibola through the end of 1981.",,,,,,,,,,,,,,,,,,,,,
"* La Paz County, AZ was separated from Yuma County on January 1, 1983. The Yuma, AZ MSA contains the area that became La Paz County, AZ through 1982 and excludes it beginning with 1983.",,,,,,,,,,,,,,,,,,,,,
"* Broomfield County, CO, was created from parts of Adams, Boulder, Jefferson, and Weld counties effective November 15, 2001. Estimates for Broomfield county begin with 2002.",,,,,,,,,,,,,,,,,,,,,
"* Estimates for 1979 forward reflect Alaska Census Areas as defined by the Census Bureau; those for prior years reflect Alaska Census Divisions as defined in the 1970 Decennial Census. Estimates from 1988 forward separate Aleutian Islands Census Area into Aleutians East Borough and Aleutians West Census Area. Estimates for 1991 forward separate Denali Borough from Yukon-Koyukuk Census Area and Lake and Peninsula Borough from Dillingham Census Area. Estimates from 1993 forward separate Skagway-Yakutat-Angoon Census Area into Skagway-Hoonah-Angoon Census Area and Yakutat Borough. Estimates from 2008 forward separate Skagway-Hoonah-Angoon Census Area into Skagway Municipality and Hoonah-Angoon Census Area. Estimates from 2009 forward separate Wrangell-Petersburg Census Area into Petersburg Census Area and Wrangell City and Borough. In addition, a part of the Prince of Wales-Outer Ketchikan Census Area was annexed by Ketchikan Gateway Borough and part (Meyers Chuck Area) was included in the new Wrangell City and Borough. The remainder of the Prince of Wales-Outer Ketchikan Census Area was renamed Prince of Wales-Hyder Census Area. Petersburg Borough was created from part of former Petersburg Census Area and part of Hoonah-Angoon Census Area for 2013 forward. Prince of Wales-Hyder Census Area added part of the former Petersburg Census Area beginning in 2013. For years 2009-2012, Petersburg Borough reflects the geographic boundaries of the former Petersburg Census Area. Wade Hampton Census Area was renamed Kusilvak Census Area on July 1, 2015.",,,,,,,,,,,,,,,,,,,,,
"* Virginia combination areas consist of one or two independent cities with 1980 populations of less than 100,000 combined with an adjacent county. The county name appears first, followed by the city name(s). Separate estimates for the jurisdictions making up the combination area are not available. Bedford County, VA includes the independent city of Bedford for all years.",,,,,,,,,,,,,,,,,,,,,
"Metropolitan Areas are defined (geographically delineated) by the Office of Management and Budget (OMB) bulletin no. 20-01 issued March 6, 2020.",,,,,,,,,,,,,,,,,,,,,
Note. All dollar estimates are in thousands of current dollars (not adjusted for inflation). Statistics presented in thousands of dollars do not indicate more precision than statistics presented in millions of dollars.,,,,,,,,,,,,,,,,,,,,,
"Last updated: November 17, 2020-- new statistics for 2019; revised statistics for 2010-2018.",,,,,,,,,,,,,,,,,,,,,
