,GeoFips,MSA,Latitude,Longitude
0,33460,Minneapolis-St. Paul-Bloomington MN-WI Metro Area,45.0649958045,-93.3455700428
3,33860,Montgomery AL Metro Area,32.3606111293,-86.40323999350001
4,34140,Moscow ID Micro Area,46.81617621189999,-116.71172317799999
5,23940,Gillette WY Micro Area,44.24833859020001,-105.54831341399999
6,24300,Grand Junction CO Metro Area,39.0182904958,-108.46644018299999
7,24620,Greeneville TN Micro Area,36.1753512461,-82.8458266599
8,25620,Hattiesburg MS Metro Area,31.1874083121,-89.2287365776
9,26900,Indianapolis-Carmel-Anderson IN Metro Area,39.747431332,-86.2061380458
10,27300,Jacksonville IL Micro Area,39.6936976381,-90.285131111
11,28940,Knoxville TN Metro Area,36.044725976500004,-84.1374714475
13,29060,Laconia NH Micro Area,43.5179689655,-71.4226936063
14,29260,La Grande OR Micro Area,45.310225080200006,-118.008777581
15,29980,Lawrenceburg TN Micro Area,35.2172743542,-87.3955844374
16,30140,Lebanon PA Metro Area,40.3672314599,-76.4577127611
17,12020,Athens-Clarke County GA Metro Area,33.949007841,-83.2137879642
18,41860,San Francisco-Oakland-Hayward CA Metro Area,37.774109314099995,-122.27410915899999
19,40980,Saginaw MI Metro Area,43.3350287366,-84.0531870389
20,41980,San Juan-Carolina-Caguas PR Metro Area,18.2952854421,-66.0389168115
21,43020,Shawano WI Micro Area,44.8509520535,-88.74951930969999
22,43980,Spencer IA Micro Area,43.082580399099996,-95.1509194224
23,45500,Texarkana TX-AR Metro Area,33.473624818400005,-94.213727705
24,46340,Tyler TX Metro Area,32.375035428800004,-95.2691826825
25,46660,Valdosta GA Metro Area,30.8294866577,-83.2415960867
26,47580,Warner Robins GA Metro Area,32.4076217441,-83.6363832927
27,47820,Washington NC Micro Area,35.486983815,-76.8453144055
28,47900,Washington-Arlington-Alexandria DC-VA-MD-WV Metro Area,38.8170930865,-77.4482442583
29,48100,Wauchula FL Micro Area,27.4927094815,-81.8100059395
30,48620,Wichita KS Metro Area,37.624985230300005,-97.3982466576
31,49260,Woodward OK Micro Area,36.4226731201,-99.2649706526
32,49380,Worthington MN Micro Area,43.6742401283,-95.75338693110001
33,34580,Mount Vernon-Anacortes WA Metro Area,48.482076114799995,-121.801606834
34,34940,Naples-Immokalee-Marco Island FL Metro Area,26.0992389916,-81.3809730575
35,35380,New Orleans-Metairie LA Metro Area,29.8094002056,-89.7083643845
36,36420,Oklahoma City OK Metro Area,35.429867913,-97.50388148379999
37,37300,Palestine TX Micro Area,31.813325604,-95.6525471586
38,37500,Paragould AR Micro Area,36.1176977234,-90.5590717285
39,38780,Portales NM Micro Area,34.021183382800004,-103.48002530000001
40,38860,Portland-South Portland ME Metro Area,43.6529637608,-70.4168708891
41,39300,Providence-Warwick RI-MA Metro Area,41.644934208,-71.3896663163
42,39340,Provo-Orem UT Metro Area,39.864503780599996,-112.352638825
43,20500,Durham-Chapel Hill NC Metro Area,35.9909976497,-79.0996139391
44,20580,Eagle Pass TX Micro Area,28.742590106599998,-100.314514029
45,31860,Mankato-North Mankato MN Metro Area,44.1544286068,-94.13558732690001
46,12580,Baltimore-Columbia-Towson MD Metro Area,39.3055423529,-76.5510087675
47,12700,Barnstable Town MA Metro Area,41.7734492735,-70.2381374923
48,12940,Baton Rouge LA Metro Area,30.5710500483,-91.1327840317
49,15660,Calhoun GA Micro Area,34.503359277600005,-84.8757528752
50,16060,Carbondale-Marion IL Metro Area,37.7618468184,-89.19024027649999
51,16540,Chambersburg-Waynesboro PA Metro Area,39.927420456,-77.72126796020001
52,16980,Chicago-Naperville-Elgin IL-IN-WI Metro Area,41.8248409079,-87.82961790350001
54,17220,Clarksburg WV Micro Area,39.2885943598,-80.4304237579
55,17460,Cleveland-Elyria OH Metro Area,41.5923629645,-81.661230716
56,19100,Dallas-Fort Worth-Arlington TX Metro Area,32.818153582600004,-97.02519409920001
57,16420,Central City KY Micro Area,37.2157922676,-87.14204166389999
59,35620,New York-Newark-Jersey City NY-NJ-PA Metro Area,40.8984223147,-73.9024197023
62,36540,Omaha-Council Bluffs NE-IA Metro Area,41.2900842023,-95.9991245053
63,36740,Orlando-Kissimmee-Sanford FL Metro Area,28.4343475219,-81.3630529207
64,37980,Philadelphia-Camden-Wilmington PA-NJ-DE-MD Metro Area,39.895843821999996,-75.3117169288
65,10100,Aberdeen SD Micro Area,45.5215787833,-98.6959539819
66,11100,Amarillo TX Metro Area,35.2488886389,-101.909545136
67,11640,Arecibo PR Metro Area,18.4398877927,-66.7591795771
68,19740,Denver-Aurora-Lakewood CO Metro Area,39.4337101277,-104.89440877700001
69,19820,Detroit-Warren-Dearborn MI Metro Area,42.7161818939,-83.2058168892
70,19940,Dixon IL Micro Area,41.7461933242,-89.30038672090001
71,20100,Dover DE Metro Area,39.0959545401,-75.5046137017
72,30460,Lexington-Fayette KY Metro Area,38.0905084038,-84.43305419640001
73,30780,Little Rock-North Little Rock-Conway AR Metro Area,34.75722009,-92.3971659527
76,34060,Morgantown WV Metro Area,39.527283514000004,-79.8044531739
77,20660,Easton MD Micro Area,38.749100179,-76.178617061
78,22140,Farmington NM Metro Area,36.508510780900004,-108.320603167
79,24740,Greenville MS Micro Area,33.2836981021,-90.94745464280001
80,25460,Harrison AR Micro Area,36.0845898733,-93.1643666036
81,25740,Helena MT Micro Area,46.8128024609,-112.296140043
82,25940,Hilton Head Island-Bluffton-Beaufort SC Metro Area,32.3844890814,-80.8346876446
83,27740,Johnson City TN Metro Area,36.2537477029,-82.3344417584
84,27920,Junction City KS Micro Area,39.0023854552,-96.7525021556
85,28140,Kansas City MO-KS Metro Area,38.9371463107,-94.44438730440001
87,29620,Lansing-East Lansing MI Metro Area,42.713301597800005,-84.6069739955
88,29940,Lawrence KS Metro Area,38.884659453299996,-95.29260630899999
90,12260,Augusta-Richmond County GA-SC Metro Area,33.4610328753,-81.9829320941
92,13540,Bennington VT Micro Area,43.0354527016,-73.0929605899
93,14460,Boston-Cambridge-Newton MA-NH Metro Area,42.5178989491,-71.0219272298
94,15220,Brownwood TX Micro Area,31.7742624158,-98.99979417600001
95,15420,Burley ID Micro Area,42.414859358600005,-113.608670518
96,15820,Campbellsville KY Micro Area,37.3664545075,-85.3278346724
98,16620,Charleston WV Metro Area,38.271814590700004,-81.4915187483
99,17140,Cincinnati OH-KY-IN Metro Area,39.0715286857,-84.4274882204
100,17380,Cleveland MS Micro Area,33.7955389819,-90.88040091020001
101,17420,Cleveland TN Metro Area,35.1345597249,-84.6674098844
102,17980,Columbus GA-AL Metro Area,32.4414364313,-84.9087558767
103,18220,Connersville IN Micro Area,39.6400558465,-85.1787249608
104,18780,Craig CO Micro Area,40.618422220300005,-108.207290604
105,19000,Cullowhee NC Micro Area,35.287537535300004,-83.1408424363
106,40340,Rochester MN Metro Area,43.9560068118,-92.3380886116
107,41540,Salisbury MD-DE Metro Area,38.402205631,-75.4771782725
108,41660,San Angelo TX Metro Area,31.3636636254,-100.67303895399999
111,42020,San Luis Obispo-Paso Robles-Arroyo Grande CA Metro Area,35.3874184835,-120.452196948
112,42180,Santa Isabel PR Micro Area,17.9530033162,-66.3866938243
113,42420,Scottsbluff NE Micro Area,42.1593009515,-103.73820897700001
114,43340,Shreveport-Bossier City LA Metro Area,32.4898790078,-93.6688166364
115,43620,Sioux Falls SD Metro Area,43.4997167274,-96.9900740927
116,45180,Talladega-Sylacauga AL Micro Area,33.1733056657,-86.20399002200001
117,45220,Tallahassee FL Metro Area,30.3867853241,-84.28141109229999
118,45820,Topeka KS Metro Area,39.0438172269,-95.8031337543
119,46140,Tulsa OK Metro Area,36.2504291048,-96.1662594486
120,46540,Utica-Rome NY Metro Area,43.337418418199995,-75.18136348770001
122,47260,Virginia Beach-Norfolk-Newport News VA-NC Metro Area,36.8575062563,-76.37549010949999
123,47300,Visalia-Porterville CA Metro Area,36.220156623600005,-118.80047251399999
129,49700,Yuba City CA Metro Area,39.1553069656,-121.517892654
130,48660,Wichita Falls TX Metro Area,33.7747521785,-98.4913872513
131,48780,Williston ND Micro Area,48.343666705299995,-103.48027709700001
132,49180,Winston-Salem NC Metro Area,36.0766444897,-80.34581310829999
133,39580,Raleigh NC Metro Area,35.757239963,-78.4608601347
134,41940,San Jose-Sunnyvale-Santa Clara CA Metro Area,36.9103083097,-121.376927569
135,41180,St. Louis MO-IL Metro Area,38.735256166199996,-90.3500976259
139,42540,Scranton--Wilkes-Barre--Hazleton PA Metro Area,41.3231845687,-75.8957328886
140,44940,Sumter SC Metro Area,33.9161721803,-80.382316033
141,44180,Springfield MO Metro Area,37.361670227800005,-93.1770742429
142,44420,Staunton-Waynesboro VA Metro Area,38.1628692204,-79.1289215613
143,45300,Tampa-St. Petersburg-Clearwater FL Metro Area,28.125538835300002,-82.4640394105
144,45660,Tiffin OH Micro Area,41.1238795774,-83.1277054408
145,46380,Ukiah CA Micro Area,39.4336238198,-123.43155390700001
147,47020,Victoria TX Metro Area,28.7279424502,-97.1950258263
148,47540,Wapakoneta OH Micro Area,40.5609112969,-84.22173871529999
153,48900,Wilmington NC Metro Area,34.4285037769,-77.8825062979
154,34980,Nashville-Davidson--Murfreesboro--Franklin TN Metro Area,36.0890928965,-86.7244380257
157,35740,Norfolk NE Micro Area,42.0435487179,-97.4902696814
159,37260,Palatka FL Micro Area,29.6086348478,-81.7443041287
160,37900,Peoria IL Metro Area,40.7891538765,-89.5158934755
161,38900,Portland-Vancouver-Hillsboro OR-WA Metro Area,45.5983659096,-122.47828579700001
162,10580,Albany-Schenectady-Troy NY Metro Area,42.788504251300004,-73.9419735086
163,19620,Del Rio TX Micro Area,29.8929601366,-101.15171519799999
165,20060,Douglas GA Micro Area,31.549271794699997,-82.8492009827
166,20260,Duluth MN-WI Metro Area,47.318437834300006,-92.3928273116
168,31620,Magnolia AR Micro Area,33.214287198200005,-93.2273086888
169,32300,Martinsville VA Micro Area,36.682769502199996,-79.8736651719
170,32540,McAlester OK Micro Area,34.9239133362,-95.7483993151
171,12060,Atlanta-Sandy Springs-Roswell GA Metro Area,33.6928142186,-84.3996121119
172,12420,Austin-Round Rock TX Metro Area,30.2626090242,-97.65444655389999
173,14720,Breckenridge CO Micro Area,39.634170806,-106.11637913700001
174,15340,Bucyrus OH Micro Area,40.8507725735,-82.9197777024
175,16820,Charlottesville VA Metro Area,37.8521134002,-78.57625598060001
178,18020,Columbus IN Metro Area,39.2059705721,-85.8976029732
182,19540,Decatur IN Micro Area,40.745659931300004,-84.9366547189
183,16140,Carroll IA Micro Area,42.036238222899996,-94.8605592807
184,21860,Fairmont MN Micro Area,43.6743620904,-94.5510703297
186,21780,Evansville IN-KY Metro Area,37.9711078641,-87.5790832911
187,22220,Fayetteville-Springdale-Rogers AR-MO Metro Area,36.1961831456,-94.1215716752
188,23540,Gainesville FL Metro Area,29.6884614174,-82.4765110397
189,25860,Hickory-Lenoir-Morganton NC Metro Area,35.8129037685,-81.4542840882
190,27140,Jackson MS Metro Area,32.3170255493,-90.22047211110001
191,27180,Jackson TN Metro Area,35.6095315029,-88.85288858770001
193,29200,Lafayette-West Lafayette IN Metro Area,40.5143289644,-86.9295545593
196,37340,Palm Bay-Melbourne-Titusville FL Metro Area,28.3003141421,-80.7012054833
197,38300,Pittsburgh PA Metro Area,40.439015226500004,-79.8309595593
198,38540,Pocatello ID Metro Area,42.6684852128,-112.224618777
199,10740,Albuquerque NM Metro Area,35.122290071,-106.471583636
200,10780,Alexandria LA Metro Area,31.3305506954,-92.54185746969999
201,11180,Ames IA Metro Area,42.036241492399995,-93.46504476540001
207,31080,Los Angeles-Long Beach-Anaheim CA Metro Area,34.1117556804,-118.180765175
208,31380,Macomb IL Micro Area,40.4562114156,-90.6779102065
209,31420,Macon-Bibb County GA Metro Area,32.857694884699995,-83.7149068658
210,31680,Malvern AR Micro Area,34.3176346814,-92.9460050817
212,32260,Marshalltown IA Micro Area,42.0358492263,-92.99877134629999
213,32820,Memphis TN-MS-AR Metro Area,35.007674398,-89.81524627809999
214,33260,Midland TX Metro Area,32.0897536667,-101.991015803
215,33940,Montrose CO Micro Area,38.4021560325,-108.269451135
216,22180,Fayetteville NC Metro Area,35.037022043,-78.9803368298
217,22380,Flagstaff AZ Metro Area,35.8387309403,-111.77051324899999
219,23820,Gardnerville Ranchos NV Micro Area,38.9122413956,-119.61637201799999
220,24540,Greeley CO Metro Area,40.5548298992,-104.392531358
221,24580,Green Bay WI Metro Area,44.6988213646,-87.8250797521
222,25100,Guymon OK Micro Area,36.747912252,-101.490012423
223,25180,Hagerstown-Martinsburg MD-WV Metro Area,39.5468368759,-77.9009269029
225,26380,Houma-Thibodaux LA Metro Area,29.404887666399997,-90.65750662379999
228,39860,Red Wing MN Micro Area,44.4098464155,-92.7225906383
229,40860,Rutland VT Micro Area,43.580091573800004,-73.0366087447
230,41060,St. Cloud MN Metro Area,45.5858916045,-94.4720313685
233,41400,Salem OH Micro Area,40.7684277481,-80.77718656020001
234,42100,Santa Cruz-Watsonville CA Metro Area,37.0216059108,-122.00978740299999
235,43300,Sherman-Denison TX Metro Area,33.626808554,-96.67772538850001
236,44900,Summerville GA Micro Area,34.475015260700005,-85.3452913609
237,43780,South Bend-Mishawaka IN-MI Metro Area,41.7736274235,-86.1341473042
239,45780,Toledo OH Metro Area,41.5405886646,-83.69338639600001
241,48220,Weatherford OK Micro Area,35.6388619585,-99.001499445
242,48260,Weirton-Steubenville WV-OH Metro Area,40.3880360623,-80.7042608221
243,48300,Wenatchee WA Metro Area,47.818479114700004,-120.265588146
246,13140,Beaumont-Port Arthur TX Metro Area,30.2778468741,-94.071820821
247,14100,Bloomsburg-Berwick PA Metro Area,41.044247242800004,-76.45900770739999
248,14740,Bremerton-Silverdale WA Metro Area,47.6396466246,-122.649176385
249,15580,Butte-Silver Bow MT Micro Area,45.9024044497,-112.65671346799999
250,16300,Cedar Rapids IA Metro Area,42.0914723109,-91.6313309708
251,16660,Charleston-Mattoon IL Micro Area,39.4205312104,-88.2292288365
256,17900,Columbia SC Metro Area,34.0917516049,-81.04245717939999
257,48500,West Point MS Micro Area,33.6556666121,-88.78157616690001
258,40060,Richmond VA Metro Area,37.4617806188,-77.4730375721
259,40260,Roanoke Rapids NC Micro Area,36.3264242707,-77.5420347449
260,41900,San Germán PR Metro Area,18.030034821199997,-67.1010431786
263,41620,Salt Lake City UT Metro Area,40.4705758127,-113.010507455
264,42220,Santa Rosa CA Metro Area,38.5252925745,-122.922544655
265,42340,Savannah GA Metro Area,32.106865661,-81.2713504294
266,43760,Sonora CA Micro Area,38.0276014047,-119.95475358
267,44500,Stephenville TX Micro Area,32.23625867,-98.2179667085
268,45380,Taylorville IL Micro Area,39.5458317536,-89.27725431420001
269,46020,Truckee-Grass Valley CA Micro Area,39.3013695789,-120.768752115
271,46620,Uvalde TX Micro Area,29.3573361783,-99.7622052768
272,46900,Vernon TX Micro Area,34.0807261331,-99.2410547627
273,47420,Wahpeton ND-MN Micro Area,46.2962959074,-96.7839782416
277,35940,Norwalk OH Micro Area,41.1461539274,-82.5984082765
278,36460,Olean NY Micro Area,42.2486331385,-78.6788502937
280,38060,Phoenix-Mesa-Scottsdale AZ Metro Area,33.1857117164,-112.07050477799999
283,10380,Aguadilla-Isabela PR Metro Area,18.3592840178,-67.0010610979
285,10420,Akron OH Metro Area,41.1487307158,-81.3495341087
286,10980,Alpena MI Micro Area,45.03110750689999,-83.1652010912
288,11380,Andrews TX Micro Area,32.3050356596,-102.637815121
289,20140,Dublin GA Micro Area,32.5285848275,-82.8506622382
290,30700,Lincoln NE Metro Area,40.819919109299995,-96.8708162332
291,30940,London KY Micro Area,36.921183918800004,-84.0472438307
293,32280,Martin TN Micro Area,36.2983026848,-88.7177438497
294,32500,Maysville KY Micro Area,38.5951729907,-83.8242451541
296,33660,Mobile AL Metro Area,30.6851516211,-88.1975233535
297,21220,Elko NV Micro Area,40.921756046999995,-115.533325547
298,21700,Eureka-Arcata-Fortuna CA Micro Area,40.7050090829,-123.915819446
299,22800,Fort Madison-Keokuk IA-IL-MO Micro Area,40.474574428800004,-91.41309881139999
300,26420,Houston-The Woodlands-Sugar Land TX Metro Area,29.750006824,-95.35403601120001
301,26580,Huntington-Ashland WV-KY-OH Metro Area,38.3813725331,-82.379127164
302,26620,Huntsville AL Metro Area,34.7831896837,-86.73464421979999
306,27860,Jonesboro AR Metro Area,35.6981903065,-90.64838536299999
307,27900,Joplin MO Metro Area,37.056543127800005,-94.3399350935
308,28100,Kankakee IL Metro Area,41.1377186034,-87.8618318864
309,29500,Lamesa TX Micro Area,32.7425260993,-101.947684441
314,14540,Bowling Green KY Metro Area,37.0386866262,-86.40706192799999
316,16740,Charlotte-Concord-Gastonia NC-SC Metro Area,35.1887605232,-80.8670055087
317,16860,Chattanooga TN-GA Metro Area,35.051982843699996,-85.3591288353
319,18500,Corning NY Micro Area,42.267809005,-77.3838032543
320,37800,Pella IA Micro Area,41.3344518776,-93.0994371546
323,36980,Owensboro KY Metro Area,37.6996527981,-87.06947475700001
324,37140,Paducah KY-IL Micro Area,37.1379543018,-88.67202751090001
325,37860,Pensacola-Ferry Pass-Brent FL Metro Area,30.6593962289,-87.15627195629999
327,37740,Payson AZ Micro Area,33.7997498678,-110.811737097
328,38580,Point Pleasant WV-OH Micro Area,38.7980099631,-82.17597657
329,38940,Port St. Lucie FL Metro Area,27.224658613699997,-80.420996562
331,10660,Albert Lea MN Micro Area,43.673844180299994,-93.3488158578
333,10820,Alexandria MN Micro Area,45.933716334799996,-95.45352368100001
334,11020,Altoona PA Metro Area,40.4809952692,-78.3486041534
335,11740,Ashland OH Micro Area,40.8460241928,-82.2706927711
336,31140,Louisville/Jefferson County KY-IN Metro Area,38.3367495241,-85.6708485878
337,32420,Mayagüez PR Metro Area,18.1811572485,-67.5855503222
339,12140,Auburn IN Micro Area,41.3975800161,-84.999084282
340,12380,Austin MN Micro Area,43.6714700417,-92.7525135871
342,13180,Beaver Dam WI Micro Area,43.41629505229999,-88.7075067349
343,13300,Beeville TX Micro Area,28.417393229,-97.74119013020001
344,13980,Blacksburg-Christiansburg-Radford VA Metro Area,37.1208572603,-80.5329120826
346,14260,Boise City ID Metro Area,43.0160141626,-116.143242087
347,15780,Camden AR Micro Area,33.5770798494,-92.7073489574
348,16460,Centralia IL Micro Area,38.6495890499,-88.91897555979999
353,18140,Columbus OH Metro Area,39.968130833800004,-82.8367814792
354,19180,Danville IL Metro Area,40.183412268299996,-87.7328172109
355,19220,Danville KY Micro Area,37.5149612888,-84.7334811991
356,19300,Daphne-Fairhope-Foley AL Metro Area,30.6609696648,-87.7498400784
357,19460,Decatur AL Metro Area,34.490635671199996,-87.10263585290001
358,33500,Minot ND Micro Area,48.3188502968,-101.207719731
359,34100,Morristown TN Metro Area,36.110667195,-83.3817865258
361,34460,Mount Sterling KY Micro Area,38.0520258373,-83.7489238752
362,21020,Elizabeth City NC Micro Area,36.2594042316,-76.2757574822
364,21380,Emporia KS Micro Area,38.4561871377,-96.15263975020001
365,21740,Evanston WY Micro Area,41.287491921,-110.54756169299999
366,22500,Florence SC Metro Area,34.1520277004,-79.8084581643
367,23380,Fremont OH Micro Area,41.3574164268,-83.1439156901
368,23420,Fresno CA Metro Area,36.7581801249,-119.649322635
372,26740,Hutchinson KS Micro Area,37.9529528689,-98.08600664629999
373,28260,Kearney NE Micro Area,40.7349483538,-99.0311737957
374,28780,Kingsville TX Micro Area,27.107600869499997,-97.6479579601
377,40380,Rochester NY Metro Area,43.149075562200004,-77.5220730181
379,40140,Riverside-San Bernardino-Ontario CA Metro Area,34.5516822688,-116.129731742
380,40700,Roseburg OR Micro Area,43.2853462355,-123.17955686299999
384,41700,San Antonio-New Braunfels TX Metro Area,29.4287639977,-98.60226373569999
388,43320,Show Low AZ Micro Area,35.399539354299996,-110.321402929
390,43460,Sikeston MO Micro Area,37.053046016399996,-89.5685146862
391,43740,Somerset PA Micro Area,39.9724398253,-79.0282722628
392,43900,Spartanburg SC Metro Area,34.8378865126,-81.847521408
394,46100,Tullahoma-Manchester TN Micro Area,35.297948367800004,-86.1160008118
396,49660,Youngstown-Warren-Boardman OH-PA Metro Area,41.237805553200005,-80.5676322008
397,49020,Winchester VA-WV Metro Area,39.2721676644,-78.4738969525
398,34820,Myrtle Beach-Conway-North Myrtle Beach SC-NC Metro Area,33.9658254962,-78.63477220930001
403,35900,North Wilkesboro NC Micro Area,36.2062757626,-81.1633856617
404,36220,Odessa TX Metro Area,31.8691725205,-102.54274919299999
408,37780,Pecos TX Micro Area,31.3231861567,-103.693167266
410,39020,Portsmouth OH Micro Area,38.8039619415,-82.9928310247
412,30880,Logan WV Micro Area,37.8315338847,-81.9353404842
414,31580,Madisonville KY Micro Area,37.3088201365,-87.54084213700001
415,32020,Marion OH Micro Area,40.5871910049,-83.16087120569999
416,12620,Bangor ME Metro Area,45.4005123213,-68.6494281289
418,14140,Bluefield WV-VA Micro Area,37.2507008942,-81.3593087852
419,14340,Boone IA Micro Area,42.0365026335,-93.93163708770001
422,15740,Cambridge OH Micro Area,40.052053649,-81.49425622140001
423,16020,Cape Girardeau MO-IL Metro Area,37.3244935138,-89.76984084290001
426,18580,Corpus Christi TX Metro Area,27.8928383609,-97.4012645011
428,19340,Davenport-Moline-Rock Island IA-IL Metro Area,41.3968812081,-90.4659219593
429,21640,Eufaula AL-GA Micro Area,31.8692606362,-85.3367540242
431,21060,Elizabethtown-Fort Knox KY Metro Area,37.7377402694,-85.9738866032
432,22280,Fernley NV Micro Area,39.0203977152,-119.189196841
433,22620,Forrest City AR Micro Area,35.0220054121,-90.7477853851
434,23240,Fredericksburg TX Micro Area,30.318054804699997,-98.94648001590001
435,23860,Georgetown SC Micro Area,33.4128250534,-79.29919793
436,24820,Greenville OH Micro Area,40.133223975300005,-84.61931913640001
437,25060,Gulfport-Biloxi-Pascagoula MS Metro Area,30.430223757399997,-88.98021957280001
439,26660,Huntsville TX Micro Area,30.9041418966,-95.3661201059
440,27940,Juneau AK Micro Area,58.4439351761,-134.230339191
441,28300,Keene NH Micro Area,42.9193314277,-72.2511752725
442,29180,Lafayette LA Metro Area,29.955757966100002,-92.04482996889999
444,11900,Athens OH Micro Area,39.3338632113,-82.045128893
449,42700,Sebring FL Metro Area,27.3433797346,-81.3410379058
450,44860,Sulphur Springs TX Micro Area,33.1495559011,-95.56395016450001
451,43220,Shelton WA Micro Area,47.350535136800005,-123.183009774
452,48060,Watertown-Fort Drum NY Metro Area,43.99886169689999,-76.0520686603
453,47700,Warsaw IN Micro Area,41.244097338,-85.8607176828
455,48020,Watertown-Fort Atkinson WI Micro Area,43.0208142462,-88.7758658266
460,41760,Sandpoint ID Micro Area,48.3000250033,-116.601061373
462,42200,Santa Maria-Santa Barbara CA Metro Area,34.5383440862,-120.03078618299999
463,42620,Searcy AR Micro Area,35.2562740851,-91.7455505642
464,43060,Shawnee OK Micro Area,35.206721321799996,-96.9483009595
465,43260,Sheridan WY Micro Area,44.789989275500005,-106.879383134
466,44220,Springfield OH Metro Area,39.9167779156,-83.7838897267
467,44460,Steamboat Springs CO Micro Area,40.485067942600004,-106.991193188
468,44740,Storm Lake IA Micro Area,42.7354936212,-95.15114885860001
469,45460,Terre Haute IN Metro Area,39.3919082513,-87.3439932766
470,47220,Vineland-Bridgeton NJ Metro Area,39.3280985807,-75.1293182688
473,34220,Moultrie GA Micro Area,31.188390466799998,-83.7688482856
474,34340,Mount Airy NC Micro Area,36.414820556100004,-80.6880779275
475,22660,Fort Collins CO Metro Area,40.6664172248,-105.46114445200001
476,22900,Fort Smith AR-OK Metro Area,35.1904910188,-94.56608255379999
477,24060,Glenwood Springs CO Micro Area,39.505021096,-107.66037767899999
478,24260,Grand Island NE Metro Area,41.0331746182,-98.2795488911
479,24860,Greenville-Anderson-Mauldin SC Metro Area,34.6851053704,-82.4138422964
480,24940,Greenwood SC Micro Area,34.1899628743,-82.3009982854
481,25300,Hannibal MO Micro Area,39.6611663306,-91.5701487974
482,25500,Harrisonburg VA Metro Area,38.5104987132,-78.8757063333
483,25980,Hinesville GA Metro Area,31.7853095494,-81.5723870999
484,26460,Hudson NY Micro Area,42.2500701159,-73.63187050270001
485,26780,Hutchinson MN Micro Area,44.82354393560001,-94.2724202275
487,27380,Jacksonville TX Micro Area,31.8369546469,-95.1651831384
488,27620,Jefferson City MO Metro Area,38.6398128145,-92.09169258809999
490,28420,Kennewick-Richland WA Metro Area,46.363562471099996,-119.254266326
491,29820,Las Vegas-Henderson-Paradise NV Metro Area,36.2151963092,-115.013561059
494,13820,Birmingham-Hoover AL Metro Area,33.463840887399996,-86.81386802870001
498,16700,Charleston-North Charleston SC Metro Area,33.0165093631,-80.0105863323
499,18820,Crawfordsville IN Micro Area,40.040378524299996,-86.89329979860001
500,19060,Cumberland MD-WV Metro Area,39.531720185,-78.8044200367
502,37220,Pahrump NV Micro Area,38.042381601,-116.471931335
503,39220,Price UT Micro Area,39.6481383656,-110.588798086
504,38500,Plymouth IN Micro Area,41.324848961,-86.2617612927
505,10460,Alamogordo NM Micro Area,32.613144677,-105.74144255200001
507,19860,Dickinson ND Micro Area,46.810680449399996,-102.655128836
509,30420,Lexington NE Micro Area,40.759470165500005,-99.8230305914
510,31540,Madison WI Metro Area,43.0801813579,-89.59222360940001
511,32180,Marshall MO Micro Area,39.1368391025,-93.20185124620001
512,32860,Menomonie WI Micro Area,44.946583993900006,-91.89640360799999
513,33060,Miami OK Micro Area,36.8355109165,-94.81043685450001
514,33780,Monroe MI Metro Area,41.921377523400004,-83.4942863588
515,34380,Mount Pleasant MI Micro Area,43.6406015599,-84.8467965535
516,22100,Farmington MO Micro Area,37.8102830489,-90.4722676018
518,22700,Fort Dodge IA Micro Area,42.427949169099996,-94.1817743703
519,23580,Gainesville GA Metro Area,34.3168900976,-83.81967863979999
520,24660,Greensboro-High Point NC Metro Area,36.0258608034,-79.7916015088
521,24900,Greenwood MS Micro Area,33.4983952902,-90.10641288309999
523,25780,Henderson NC Micro Area,36.3649169333,-78.407928885
526,26700,Huron SD Micro Area,44.4144805031,-98.27810961290001
527,26860,Indiana PA Micro Area,40.6520516435,-79.0875470879
531,28700,Kingsport-Bristol-Bristol TN-VA Metro Area,36.6077736239,-82.4426031847
532,29540,Lancaster PA Metro Area,40.0424384364,-76.2477042675
533,30020,Lawton OK Metro Area,34.5241455218,-98.4347737855
534,34700,Muscatine IA Micro Area,41.4839220537,-91.1127562496
536,35820,North Platte NE Micro Area,41.234346963600004,-100.77566836700001
537,36820,Oskaloosa IA Micro Area,41.3352034594,-92.64090935780001
538,36830,Othello WA Micro Area,46.9833438193,-118.56063306200001
540,38620,Ponca City OK Micro Area,36.8180064034,-97.1439228379
541,38740,Poplar Bluff MO Micro Area,36.716417086199996,-90.4065563831
546,11140,Americus GA Micro Area,32.096402731,-84.2270091446
547,11220,Amsterdam NY Micro Area,42.902281629099996,-74.4396826879
553,32580,McAllen-Edinburg-Mission TX Metro Area,26.396720571,-98.181070506
556,43700,Somerset KY Micro Area,37.1039269004,-84.5771763009
557,44580,Sterling IL Micro Area,41.756264971,-89.9140923799
558,45060,Syracuse NY Metro Area,43.2009650759,-76.0769536103
559,46700,Vallejo-Fairfield CA Metro Area,38.2669191162,-121.940006899
560,47240,Vineyard Haven MA Micro Area,41.3887747362,-70.6987715786
563,47980,Watertown SD Micro Area,44.977852837,-97.1886184227
564,49340,Worcester MA-CT Metro Area,42.2228059901,-71.92739725930001
565,49420,Yakima WA Metro Area,46.4570265087,-120.738490585
569,12780,Bartlesville OK Micro Area,36.7152363231,-95.9043699841
570,13380,Bellingham WA Metro Area,48.829615148500004,-121.87282169299999
571,13500,Bennettsville SC Micro Area,34.602060332600004,-79.6787226225
575,15260,Brunswick GA Metro Area,31.305534515,-81.5871739005
577,17620,Coamo PR Micro Area,18.0973046656,-66.36016992100001
578,17820,Colorado Springs CO Metro Area,38.8425071308,-104.657932799
580,18900,Crossville TN Micro Area,35.9503879058,-84.9983515819
581,35020,Natchez MS-LA Micro Area,31.4604900077,-91.5268894984
583,35860,North Vernon IN Micro Area,38.9969300555,-85.6280646001
584,36260,Ogden-Clearfield UT Metro Area,41.4326933198,-112.815826836
585,37100,Oxnard-Thousand Oaks-Ventura CA Metro Area,34.3575285178,-119.126027194
587,37460,Panama City FL Metro Area,30.1001161441,-85.4772896201
588,37580,Paris TX Micro Area,33.6672620542,-95.5712007165
589,37620,Parkersburg-Vienna WV Metro Area,39.1388038906,-81.4627090917
590,39060,Pottsville PA Micro Area,40.7058005708,-76.2159548591
592,10140,Aberdeen WA Micro Area,47.1444087084,-123.828620067
593,10620,Albemarle NC Micro Area,35.3119550622,-80.2509863077
594,10860,Alice TX Micro Area,27.7313380442,-98.08988629379999
595,11580,Arcadia FL Micro Area,27.1863023348,-81.8094429515
596,19780,Des Moines-West Des Moines IA Metro Area,41.547825520399996,-93.9404446317
598,20460,Durant OK Micro Area,33.9622987137,-96.25974780840001
599,32140,Marshall MN Micro Area,44.4134915893,-95.8389749015
602,13100,Beatrice NE Micro Area,40.2619297023,-96.6894414425
603,13780,Binghamton NY Metro Area,42.1644736222,-76.0251326671
607,14660,Brainerd MN Micro Area,46.7991359925,-94.2433985125
608,14700,Branson MO Micro Area,36.6952798557,-93.22353331059999
609,14820,Brevard NC Micro Area,35.2021567409,-82.7982776458
610,15100,Brookings SD Micro Area,44.3696795783,-96.7904210545
611,15540,Burlington-South Burlington VT Metro Area,44.6872265007,-73.0307813715
613,17500,Clewiston FL Micro Area,26.5534898513,-81.1659012496
615,18300,Coos Bay OR Micro Area,43.1851621531,-124.093318775
617,19500,Decatur IL Metro Area,39.8600027881,-88.9615519316
618,10760,Alexander City AL Micro Area,32.8624049426,-85.7975022448
621,40220,Roanoke VA Metro Area,37.2860890148,-79.9465626187
622,40460,Rockingham NC Micro Area,35.006048354499995,-79.7477780226
623,40780,Russellville AR Micro Area,35.2109473753,-93.2347093958
628,42780,Selinsgrove PA Micro Area,40.7698402431,-77.0701686692
629,43660,Snyder TX Micro Area,32.7463149294,-100.91640707799999
630,44020,Spirit Lake IA Micro Area,43.3779847631,-95.1508300608
632,45580,Thomaston GA Micro Area,32.8812700424,-84.2993435146
633,45900,Traverse City MI Micro Area,44.9414202845,-85.90575712489999
636,47460,Walla Walla WA Metro Area,46.2570644433,-118.248836232
637,47920,Washington Court House OH Micro Area,39.5598830033,-83.45609727850001
638,48180,Waycross GA Micro Area,31.1375251577,-82.36568076489999
639,48540,Wheeling WV-OH Metro Area,39.974756085799996,-80.84132871930001
640,49780,Zanesville OH Micro Area,39.965421851500004,-81.9443826612
642,49220,Wisconsin Rapids-Marshfield WI Micro Area,44.4553311724,-90.04154899790001
645,23060,Fort Wayne IN Metro Area,41.0053999063,-85.2167741526
646,24100,Gloversville NY Micro Area,43.1138468547,-74.4221748142
647,24380,Grants NM Micro Area,34.912577985700004,-107.999724325
649,26020,Hobbs NM Micro Area,32.7921493696,-103.41247821200001
650,26220,Hood River OR Micro Area,45.519027925399996,-121.65109139299999
652,27100,Jackson MI Metro Area,42.248487398099996,-84.423437303
654,28660,Killeen-Temple TX Metro Area,31.2080935342,-97.787697954
655,28820,Kinston NC Micro Area,35.2387731611,-77.6412486292
656,29100,La Crosse-Onalaska WI-MN Metro Area,43.7792671207,-91.3196437946
658,29780,Las Vegas NM Micro Area,35.4805846789,-104.815897957
659,29900,Laurinburg NC Micro Area,34.8408848102,-79.4804292418
660,30260,Lewisburg PA Micro Area,40.9629715404,-77.0622692258
661,30380,Lewistown PA Micro Area,40.610413019,-77.6170419931
662,34660,Murray KY Micro Area,36.6211012817,-88.272201119
663,35980,Norwich-New London CT Metro Area,41.4667862464,-72.1065129033
664,36380,Okeechobee FL Micro Area,27.386303613200003,-80.88858501119999
668,38380,Plainview TX Micro Area,34.07051251,-101.826881301
671,10500,Albany GA Metro Area,31.5895065864,-84.1738861014
672,19660,Deltona-Daytona Beach-Ormond Beach FL Metro Area,29.17994438,-81.1898408111
674,20420,Durango CO Micro Area,37.2865819568,-107.843270689
676,30860,Logan UT-ID Metro Area,41.889570911,-111.768977421
678,31180,Lubbock TX Metro Area,33.468525426,-101.644675265
679,31340,Lynchburg VA Metro Area,37.3650188976,-79.2197429445
681,31740,Manhattan KS Metro Area,39.344458255999996,-96.5069443956
682,31820,Manitowoc WI Micro Area,44.1106884492,-87.51237129389999
683,31940,Marinette WI-MI Micro Area,45.4317514337,-87.7736409516
689,13220,Beckley WV Metro Area,37.9062336333,-81.1609036601
690,13620,Berlin NH-VT Micro Area,44.699854975,-71.42157884470001
691,13700,Big Spring TX Micro Area,32.088705271900004,-101.47798014899999
692,14020,Bloomington IN Metro Area,39.234712241,-86.67594057129999
694,15380,Buffalo-Cheektowaga-Niagara Falls NY Metro Area,43.037867797,-78.7753844012
695,15620,Cadillac MI Micro Area,44.3378442907,-85.3368707417
696,15680,California-Lexington Park MD Metro Area,38.2158610066,-76.52905921680001
698,16940,Cheyenne WY Metro Area,41.3070676867,-104.689620568
700,17020,Chico CA Metro Area,39.6669293633,-121.600671735
702,17300,Clarksville TN-KY Metro Area,36.7468511788,-87.56253495860001
703,17860,Columbia MO Metro Area,38.9906151268,-92.3096802505
705,19260,Danville VA Micro Area,36.8111451592,-79.3976177263
706,33300,Milledgeville GA Micro Area,33.1982017818,-83.0900573001
709,20900,El Campo TX Micro Area,29.277861645500003,-96.22210423940001
710,21140,Elkhart-Goshen IN Metro Area,41.597384486399996,-85.8587552833
711,21660,Eugene OR Metro Area,43.9416929041,-122.876213921
713,24220,Grand Forks ND-MN Metro Area,47.835963533500006,-96.8444046277
714,25200,Hailey ID Micro Area,43.3237280271,-114.19924127200001
715,25840,Hermiston-Pendleton OR Micro Area,45.525010047799995,-119.064894522
717,27020,Iron Mountain MI-WI Micro Area,45.9465764753,-88.07599643799999
718,27460,Jamestown-Dunkirk-Fredonia NY Micro Area,42.3029409617,-79.40575763470001
719,27540,Jasper IN Micro Area,38.3794396771,-87.03463981620001
720,27780,Johnstown PA Metro Area,40.495294011999995,-78.7137032852
721,28540,Ketchikan AK Micro Area,55.4885148595,-131.030510343
723,28860,Kirksville MO Micro Area,40.2890397229,-92.5726313956
724,11940,Athens TN Micro Area,35.4247444764,-84.6174748904
727,41140,St. Joseph MO-KS Metro Area,39.834094054299996,-94.7838404748
728,41500,Salinas CA Metro Area,36.2397743988,-121.30890155799999
730,41740,San Diego-Carlsbad CA Metro Area,33.0282031989,-116.770207445
734,42380,Sayre PA Micro Area,41.7886677148,-76.515452546
735,43500,Silver City NM Micro Area,32.7390025581,-108.38245576899999
736,43580,Sioux City IA-NE-SD Metro Area,42.5787516167,-96.372129715
737,44060,Spokane-Spokane Valley WA Metro Area,48.1937672704,-117.571753931
738,44140,Springfield MA Metro Area,42.2300693745,-72.6465314302
739,45140,Tahlequah OK Micro Area,35.906625849899996,-94.9996644117
740,46180,Tupelo MS Micro Area,34.2647141477,-88.68462764870002
742,46220,Tuscaloosa AL Metro Area,33.168055985900004,-87.7218595974
747,35700,Nogales AZ Micro Area,31.5260009758,-110.84657115899999
748,36500,Olympia-Tumwater WA Metro Area,46.9296274332,-122.83229180200001
751,37940,Peru IN Micro Area,40.76950401,-86.0450230749
753,38100,Picayune MS Micro Area,30.7687106381,-89.58974949629999
754,38180,Pierre SD Micro Area,44.502958975,-100.370038509
755,38820,Port Angeles WA Micro Area,48.110433950600004,-123.934297591
756,39500,Quincy IL-MO Micro Area,40.0282280398,-91.38592670979999
757,10260,Adjuntas PR Micro Area,18.1797326634,-66.7539566203
758,10900,Allentown-Bethlehem-Easton PA-NJ Metro Area,40.7893508673,-75.4038440163
759,11620,Ardmore OK Micro Area,34.2508639653,-97.2857872878
760,11680,Arkansas City-Winfield KS Micro Area,37.2377526609,-96.83748917690001
763,20180,DuBois PA Micro Area,41.000191854099995,-78.4741251108
764,20220,Dubuque IA Metro Area,42.4688224329,-90.88252185030001
766,30980,Longview TX Metro Area,32.3716586164,-94.82943592139999
769,31260,Lufkin TX Micro Area,31.254764582800004,-94.6118485449
772,31500,Madison IN Micro Area,38.7858226618,-85.438572883
773,31660,Malone NY Micro Area,44.5929338425,-74.30376219680001
775,31930,Marietta OH Micro Area,39.4553161933,-81.4952544284
777,40080,Richmond-Berea KY Micro Area,37.572265557600005,-84.29380767890001
781,41420,Salem OR Metro Area,44.9034000267,-122.903450637
787,43940,Spearfish SD Micro Area,44.3586271814,-103.792224516
789,44980,Sunbury PA Micro Area,40.851990777,-76.70932162449999
790,45980,Troy AL Micro Area,31.8027084904,-85.9409081483
791,46060,Tucson AZ Metro Area,32.0973866503,-111.78993020200001
792,46820,Vermillion SD Micro Area,42.9145712998,-96.9756376238
795,48580,Whitewater-Elkhorn WI Micro Area,42.668486988299996,-88.5419034602
797,33100,Miami-Fort Lauderdale-West Palm Beach FL Metro Area,26.131060654000002,-80.4652030128
798,33340,Milwaukee-Waukesha-West Allis WI Metro Area,43.1803975128,-87.79696268020001
800,34500,Mount Vernon IL Micro Area,38.3005146319,-88.9240246744
801,20740,Eau Claire WI Metro Area,44.93880041560001,-91.28220957959999
802,21420,Enid OK Metro Area,36.3790587217,-97.7827232474
803,22020,Fargo ND-MN Metro Area,46.9178157096,-96.9655108808
805,22820,Fort Morgan CO Micro Area,40.262744378600004,-103.809822239
807,24340,Grand Rapids-Wyoming MI Metro Area,42.9834786375,-85.8116867902
812,27600,Jefferson GA Micro Area,34.133882743899996,-83.56634803760001
814,28620,Kill Devil Hills NC Micro Area,35.7221279126,-75.8209511532
815,29340,Lake Charles LA Metro Area,29.9852474352,-93.2564571523
816,11980,Athens TX Micro Area,32.2119000328,-95.8535778831
822,15700,Cambridge MD Micro Area,38.4226080424,-76.0833253138
823,15940,Canton-Massillon OH Metro Area,40.718660811199996,-81.2534919215
827,26260,Hope AR Micro Area,33.7028069442,-93.50385613690001
828,39660,Rapid City SD Metro Area,44.191488291999995,-102.899907056
829,39900,Reno NV Metro Area,40.6189992291,-119.659146326
830,39940,Rexburg ID Micro Area,44.1404803871,-111.517150053
833,40420,Rockford IL Metro Area,42.3316209819,-89.04208015280001
834,40900,Sacramento--Roseville--Arden-Arcade CA Metro Area,38.7804626705,-120.99764158200001
836,40940,Safford AZ Micro Area,32.9327157636,-109.88743794
842,42900,Seneca Falls NY Micro Area,42.781081385,-76.8237785954
847,46460,Union City TN-KY Micro Area,36.415799366,-89.1602036298
848,47080,Vidalia GA Micro Area,32.1422521885,-82.4122072957
849,47660,Warrensburg MO Micro Area,38.7440854854,-93.80636749370001
856,12100,Atlantic City-Hammonton NJ Metro Area,39.4688295112,-74.6337304316
861,13460,Bend-Redmond OR Metro Area,43.915009800600004,-121.228141798
862,13720,Big Stone Gap VA Micro Area,37.0421323307,-82.5001017196
865,16260,Cedar City UT Micro Area,37.859193132899996,-113.28946584
866,16500,Centralia WA Micro Area,46.5777681771,-122.392638349
868,17340,Clearlake CA Micro Area,39.0996453402,-122.753183916
869,18260,Cookeville TN Micro Area,36.2780082918,-85.4664823243
870,18700,Corvallis OR Metro Area,44.4917990421,-123.429249066
872,19380,Dayton OH Metro Area,39.8294615146,-84.1419386976
873,41260,St. Marys PA Micro Area,41.4252272842,-78.64908626
875,35500,Newton IA Micro Area,41.6860388529,-93.0537645398
876,35580,New Ulm MN Micro Area,44.24213768640001,-94.7275818569
878,36620,Ontario OR-ID Micro Area,43.2261615213,-117.588443769
880,37060,Oxford MS Micro Area,34.356757808000005,-89.4849192699
882,37660,Parsons KS Micro Area,37.191327347800005,-95.297576145
886,38660,Ponce PR Metro Area,18.0133969105,-66.68018267720001
887,38920,Port Lavaca TX Micro Area,28.439109268600003,-96.6150736733
895,31700,Manchester-Nashua NH Metro Area,42.9152915059,-71.716082466
896,32380,Mason City IA Micro Area,43.20360310189999,-93.2608304115
897,32620,McComb MS Micro Area,31.1745803682,-90.6605196023
899,33020,Mexico MO Micro Area,39.2157556331,-91.84158588
902,34540,Mount Vernon OH Micro Area,40.3987652449,-82.4215337501
903,20700,East Stroudsburg PA Metro Area,41.0580656263,-75.33951545869999
904,21180,Elkins WV Micro Area,38.774723123200005,-79.8757955735
905,22860,Fort Polk South LA Micro Area,31.1082936995,-93.1841466986
906,23660,Galesburg IL Micro Area,40.9318447024,-90.21324518879999
910,25580,Hastings NE Micro Area,40.5244687104,-98.5012089611
911,25720,Heber UT Micro Area,40.3307738019,-111.16818403200001
915,27700,Jesup GA Micro Area,31.551433678800002,-81.9167587358
917,30220,Levelland TX Micro Area,33.6076426854,-102.34319718399999
919,13340,Bellefontaine OH Micro Area,40.3884529806,-83.7658717618
920,15060,Brookings OR Micro Area,42.4665806561,-124.215220683
924,16380,Celina OH Micro Area,40.540011364899996,-84.62936034229999
929,17260,Clarksdale MS Micro Area,34.229165593299996,-90.6026870163
933,18380,Cordele GA Micro Area,31.9229299181,-83.768102221
937,21340,El Paso TX Metro Area,31.513082753800003,-105.541046871
938,23500,Gaffney SC Micro Area,35.04819981,-81.6204286776
939,24500,Great Falls MT Metro Area,47.307954448400004,-111.347045865
943,26820,Idaho Falls ID Metro Area,43.622505474499995,-112.42787441899999
945,27420,Jamestown ND Micro Area,46.9792467534,-98.9588282692
946,28060,Kalispell MT Micro Area,48.2951265514,-114.049673744
947,29380,Lake City FL Micro Area,30.2242402246,-82.6215389556
950,37020,Owosso MI Micro Area,42.9537338684,-84.1467311037
953,39140,Prescott AZ Metro Area,34.599881432,-112.55386387
954,38840,Port Clinton OH Micro Area,41.5939007095,-83.019977892
956,39380,Pueblo CO Metro Area,38.173420237399995,-104.512845556
959,20300,Dumas TX Micro Area,35.837687252600006,-101.89292281
960,30660,Lincoln IL Micro Area,40.1245520119,-89.36754097069999
962,31460,Madera CA Metro Area,37.2180440575,-119.762644507
963,39700,Raymondville TX Micro Area,26.477005935500003,-97.5918256095
967,41460,Salina KS Micro Area,38.9585968714,-97.65007355430001
972,44920,Summit Park UT Micro Area,40.8681663764,-110.955893455
973,44260,Starkville MS Micro Area,33.4249531354,-88.8793051624
979,46500,Urbana OH Micro Area,40.1376743616,-83.7694969558
982,49740,Yuma AZ Metro Area,32.7694045785,-113.90556451200001
986,35840,North Port-Sarasota-Bradenton FL Metro Area,27.345458956799998,-82.36086709029999
990,37420,Pampa TX Micro Area,35.401163255300006,-100.81255803299999
992,10540,Albany OR Metro Area,44.488878766300004,-122.534995075
993,10700,Albertville AL Micro Area,34.3669621021,-86.306636969
994,11260,Anchorage AK Metro Area,62.2249006775,-149.553185469
1002,31980,Marion IN Micro Area,40.5158445872,-85.6547259041
1004,32700,McPherson KS Micro Area,38.3916666453,-97.6480798696
1007,12680,Bardstown KY Micro Area,37.8051312658,-85.4659885889
1009,13740,Billings MT Metro Area,45.7807136949,-108.71760371299999
1011,14220,Bogalusa LA Micro Area,30.853342259699996,-90.04052486219999
1013,15980,Cape Coral-Fort Myers FL Metro Area,26.5756896569,-81.91545273279999
1014,16100,Carlsbad-Artesia NM Micro Area,32.4714628579,-104.304465762
1016,17060,Chillicothe OH Micro Area,39.337627728899996,-83.0570255812
1017,17780,College Station-Bryan TX Metro Area,30.7565094494,-96.48891442620001
1018,18100,Columbus NE Micro Area,41.5712867685,-97.5211569974
1021,32940,Meridian MS Micro Area,32.413022189,-88.6635038641
1023,21500,Erie PA Metro Area,42.117476241700004,-80.09810635779999
1024,24020,Glens Falls NY Metro Area,43.4435494248,-73.6488111842
1025,24980,Grenada MS Micro Area,33.769953863699996,-89.8020061522
1026,25020,Guayama PR Metro Area,17.980417771099997,-66.0699072809
1027,25540,Hartford-West Hartford-East Hartford CT Metro Area,41.7181286597,-72.5726614229
1032,28020,Kalamazoo-Portage MI Metro Area,42.2713345163,-86.0371759797
1033,28500,Kerrville TX Micro Area,30.0614838063,-99.3501597567
1034,29300,LaGrange GA Micro Area,33.0335103763,-85.0283367986
1035,40300,Rochelle IL Micro Area,42.042643917,-89.3206471644
1036,40620,Rolla MO Micro Area,37.877128584699996,-91.7923648921
1041,42660,Seattle-Tacoma-Bellevue WA Metro Area,47.5574748957,-121.881427448
1042,42860,Seneca SC Micro Area,34.7534751123,-83.0658562224
1043,45000,Susanville CA Micro Area,40.673590389699996,-120.594332833
1050,49080,Winnemucca NV Micro Area,41.406846570700004,-118.111965828
1052,33140,Michigan City-La Porte IN Metro Area,41.5490215572,-86.74236621870001
1053,33540,Missoula MT Metro Area,47.0365253042,-113.923741221
1055,21580,Española NM Micro Area,36.509580274899996,-106.693083681
1059,27260,Jacksonville FL Metro Area,30.234071342300002,-81.75749735810001
1060,27500,Janesville-Beloit WI Metro Area,42.6712243621,-89.0715664183
1065,40580,Rocky Mount NC Metro Area,35.941005954299996,-77.7984873984
1076,47620,Warren PA Micro Area,41.8145746206,-79.2741433708
1077,47780,Washington IN Micro Area,38.7024099658,-87.0720684608
1079,48140,Wausau WI Metro Area,44.8982857087,-89.7590589294
1081,48700,Williamsport PA Metro Area,41.3433818683,-77.0645062464
1084,36700,Orangeburg SC Micro Area,33.438991479,-80.8002997359
1085,37080,Oxford NC Micro Area,36.3040698262,-78.6527194252
1090,10180,Abilene TX Metro Area,32.4496900452,-99.717678325
1094,20340,Duncan OK Micro Area,34.4855926233,-97.85148428309999
1098,13940,Blackfoot ID Micro Area,43.216558051599996,-112.398078523
1099,14380,Boone NC Micro Area,36.2311062794,-81.69642507510001
1106,18880,Crestview-Fort Walton Beach-Destin FL Metro Area,30.640175236199997,-86.3676247972
1107,19140,Dalton GA Metro Area,34.7962815789,-84.8481082031
1124,44540,Sterling CO Micro Area,40.724668718800004,-103.110095731
1137,25700,Hays KS Micro Area,38.9147512529,-99.3172316232
1139,26300,Hot Springs AR Metro Area,34.5766859682,-93.1504248797
1141,26540,Huntington IN Micro Area,40.8292399571,-85.48817227810001
1142,26940,Indianola MS Micro Area,33.6023128898,-90.58861862629999
1147,13900,Bismarck ND Metro Area,46.7267889196,-100.99125787700001
1155,18180,Concord NH Micro Area,43.2974962572,-71.6802764637
1157,18420,Corinth MS Micro Area,34.8807714572,-88.58026456510001
1158,18660,Cortland NY Micro Area,42.5950071515,-76.07026690720001
1160,33580,Mitchell SD Micro Area,43.6747810476,-97.9669862743
1162,20820,Effingham IL Micro Area,39.0597867631,-88.5898502337
1164,22300,Findlay OH Micro Area,41.0019352442,-83.66653581439999
1165,22580,Forest City NC Micro Area,35.4025956291,-81.9198334642
1166,23980,Glasgow KY Micro Area,36.9747695688,-85.8216044632
1170,25220,Hammond LA Metro Area,30.626653199099998,-90.4056803861
1171,25260,Hanford-Corcoran CA Metro Area,36.075360453,-119.815502709
1176,29860,Laurel MS Micro Area,31.8180511887,-89.1441771973
1178,13020,Bay City MI Metro Area,43.7213655935,-83.9418350885
1180,14500,Boulder CO Metro Area,40.0924597733,-105.35770567600001
1182,16180,Carson City NV Metro Area,39.1511464297,-119.747422249
1184,17200,Claremont-Lebanon NH-VT Micro Area,43.783569413,-72.1611202114
1188,17660,Coeur d'Alene ID Metro Area,47.6743566297,-116.701762031
1191,18460,Cornelia GA Micro Area,34.6310256133,-83.5311320934
1195,35100,New Bern NC Metro Area,35.102934665700005,-77.0252973325
1198,36020,Oak Harbor WA Micro Area,48.162897065799996,-122.575262994
1199,36300,Ogdensburg-Massena NY Micro Area,44.4964021416,-75.0689522762
1200,36580,Oneonta NY Micro Area,42.6337635679,-75.0326059513
1201,36940,Owatonna MN Micro Area,44.0223437462,-93.2260411098
1204,39540,Racine WI Metro Area,42.7511744393,-87.6960798659
1205,10300,Adrian MI Micro Area,41.8950837596,-84.06636675189999
1208,10940,Alma MI Micro Area,43.2927326789,-84.6049110538
1211,20020,Dothan AL Metro Area,31.2528940562,-85.4617251469
1212,30900,Logansport IN Micro Area,40.7614914972,-86.3459465592
1214,32660,McMinnville TN Micro Area,35.6786827093,-85.778498039
1218,40540,Rock Springs WY Micro Area,41.659496142399995,-108.87943078200001
1219,40820,Ruston LA Micro Area,32.6016373737,-92.6648152839
1223,42740,Sedalia MO Micro Area,38.7282893735,-93.28509629290001
1225,45020,Sweetwater TX Micro Area,32.3034902579,-100.406052463
1226,47180,Vincennes IN Micro Area,38.689089856399995,-87.4180084466
1230,12740,Barre VT Micro Area,44.273384479799994,-72.6149783508
1232,14580,Bozeman MT Micro Area,45.5403894971,-111.170368949
1236,41100,St. George UT Metro Area,37.280406139600004,-113.50471120700001
1239,42300,Sault Ste. Marie MI Micro Area,46.328178432399994,-84.5293679243
1241,43180,Shelbyville TN Micro Area,35.5137978761,-86.45888569780001
1245,45860,Torrington CT Micro Area,41.7924996944,-73.2453204345
1247,46300,Twin Falls ID Metro Area,42.4357069666,-114.570784175
1249,47380,Waco TX Metro Area,31.426407560599998,-97.0897834083
1250,49620,York-Hanover PA Metro Area,39.9199604912,-76.7265176968
1251,48980,Wilson NC Micro Area,35.7051457145,-77.9186629547
1253,32980,Merrill WI Micro Area,45.3374314915,-89.73463901870001
1258,25820,Hereford TX Micro Area,34.966019036599995,-102.60492683700001
1259,25900,Hilo HI Micro Area,19.6023968175,-155.522885864
1261,26140,Homosassa Springs FL Metro Area,28.8475696923,-82.5201067318
1266,29460,Lakeland-Winter Haven FL Metro Area,27.948871485599998,-81.69768539649999
1267,29740,Las Cruces NM Metro Area,32.3526480267,-106.832721249
1268,15180,Brownsville-Harlingen TX Metro Area,26.1514968565,-97.45285335620001
1272,18980,Cullman AL Micro Area,34.1319410961,-86.86761941510001
1274,19420,Dayton TN Micro Area,35.608711453699996,-84.9243960855
1275,24330,Grand Rapids MN Micro Area,47.509525546800006,-93.6320066058
1276,34780,Muskogee OK Micro Area,35.6161305018,-95.3795271831
1279,35220,New Castle IN Micro Area,39.931039736100004,-85.3964353742
1280,35260,New Castle PA Micro Area,40.991265573,-80.3341943668
1285,38260,Pittsburg KS Micro Area,37.5073151069,-94.85181137110001
1290,11060,Altus OK Micro Area,34.5879714861,-99.4147574158
1292,11700,Asheville NC Metro Area,35.600628873299996,-82.68264585109999
1294,20380,Dunn NC Micro Area,35.3686291622,-78.86941252
1296,31020,Longview WA Metro Area,46.193219545,-122.680974547
1298,32220,Marshall TX Micro Area,32.5481331978,-94.3714865548
1299,32740,Meadville PA Micro Area,41.6846964792,-80.1062774625
1300,32780,Medford OR Metro Area,42.432155889099995,-122.728517877
1303,33740,Monroe LA Metro Area,32.6869100381,-92.2846288745
1305,21120,Elk City OK Micro Area,35.2687094429,-99.68192326290001
1306,22520,Florence-Muscle Shoals AL Metro Area,34.808209943200005,-87.7240012076
1308,23340,Fremont NE Micro Area,41.5778862866,-96.6539833969
1309,24420,Grants Pass OR Metro Area,42.3654992437,-123.55549766799999
1310,24780,Greenville NC Metro Area,35.5932989746,-77.3744965519
1313,26090,Holland MI Micro Area,42.593673273200004,-86.2917651855
1316,26500,Huntingdon PA Micro Area,40.4169344997,-77.9812075395
1318,27160,Jackson OH Micro Area,39.0196721892,-82.618382939
1321,29420,Lake Havasu City-Kingman AZ Metro Area,35.704058756500004,-113.757910365
1322,29660,Laramie WY Micro Area,41.6544687421,-105.723910733
1324,12220,Auburn-Opelika AL Metro Area,32.601136484099996,-85.355562704
1327,12980,Battle Creek MI Metro Area,42.2465394718,-85.0055834874
1329,14420,Borger TX Micro Area,35.8400259746,-101.354699396
1337,42940,Sevierville TN Micro Area,35.7846556199,-83.5241923116
1340,44100,Springfield IL Metro Area,39.8295967144,-89.6969088515
1341,44660,Stillwater OK Micro Area,36.077315082300004,-96.9757708744
1342,44780,Sturgis MI Micro Area,41.914414246599996,-85.5277446789
1346,48940,Wilmington OH Micro Area,39.4149780091,-83.808378857
1347,34740,Muskegon MI Metro Area,43.2899298863,-86.5352341115
1352,11540,Appleton WI Metro Area,44.2890313477,-88.3711532603
1358,32100,Marquette MI Micro Area,46.6628779661,-87.5735241035
1360,34860,Nacogdoches TX Micro Area,31.6159802649,-94.6158732569
1364,36860,Ottawa-Peru IL Micro Area,41.3570427982,-89.17334177149999
1367,11660,Arkadelphia AR Micro Area,34.0509558644,-93.17636749
1369,19580,Defiance OH Micro Area,41.3239160959,-84.4904951214
1370,30820,Lock Haven PA Micro Area,41.2340543663,-77.6381058342
1373,31300,Lumberton NC Micro Area,34.6402420514,-79.1038649277
1374,32340,Maryville MO Micro Area,40.3607737937,-94.8834337255
1375,33220,Midland MI Metro Area,43.6468567079,-84.3881091147
1378,33700,Modesto CA Metro Area,37.559137443800005,-120.997682896
1380,20940,El Centro CA Metro Area,33.039506094000004,-115.365321005
1381,21460,Enterprise AL Micro Area,31.402627179299998,-85.9882069255
1382,22060,Faribault-Northfield MN Micro Area,44.354264303,-93.2966783051
1383,24140,Goldsboro NC Metro Area,35.363959967199996,-78.00399712720001
1385,24700,Greensburg IN Micro Area,39.306999934299995,-85.5011430489
1391,30280,Lewisburg TN Micro Area,35.468861110700004,-86.76501743870001
1392,12300,Augusta-Waterville ME Micro Area,44.4091601365,-69.767264396
1395,13260,Bedford IN Micro Area,38.8411628915,-86.48345113090001
1398,15460,Burlington IA-IL Micro Area,40.8728870697,-91.0587660163
1399,16220,Casper WY Metro Area,42.9622404466,-106.79849380299999
1403,17640,Coco PR Micro Area,17.9729540131,-66.26197566100001
1409,27660,Jennings LA Micro Area,30.267721879499998,-92.814120915
1411,39820,Redding CA Metro Area,40.7637666014,-122.04052153100001
1412,39980,Richmond IN Micro Area,39.8644164614,-85.00987613630001
1414,41820,Sanford NC Micro Area,35.4751864248,-79.1714836119
1417,42820,Selma AL Micro Area,32.325973709,-87.1064763258
1418,42980,Seymour IN Micro Area,38.9064174884,-86.0375413468
1419,43100,Sheboygan WI Metro Area,43.7197069251,-87.63477530709999
1420,43140,Shelby NC Micro Area,35.3341018035,-81.55554713949999
1422,44300,State College PA Metro Area,40.9193457756,-77.8199601608
1424,45740,Toccoa GA Micro Area,34.553943523600005,-83.2934335296
1427,46740,Valley AL Micro Area,32.9143722298,-85.3920429513
1428,46860,Vernal UT Micro Area,40.124774843000004,-109.51864842100001
1434,12820,Bastrop LA Micro Area,32.8202181268,-91.801797046
1436,13420,Bemidji MN Micro Area,47.9737829028,-94.9376544511
1437,14010,Bloomington IL Metro Area,40.4106614947,-88.8617233947
1438,14620,Bradford PA Micro Area,41.8077476122,-78.5690251336
1439,15860,Cañon City CO Micro Area,38.4729724659,-105.439657054
1440,15900,Canton IL Micro Area,40.4727958069,-90.207465219
1445,17540,Clinton IA Micro Area,41.8980358091,-90.5319724335
1452,33620,Moberly MO Micro Area,39.4401679837,-92.49707797559999
1455,34300,Mountain Home ID Micro Area,43.35388540140001,-115.46926235299999
1456,34420,Mount Pleasant TX Micro Area,33.216603036500004,-94.96567222770001
1458,22340,Fitzgerald GA Micro Area,31.759781946900002,-83.2204589709
1459,22540,Fond du Lac WI Metro Area,43.7535894574,-88.48826311209999
1460,24640,Greenfield Town MA Micro Area,42.583115736799996,-72.5918580582
1464,26980,Iowa City IA Metro Area,41.511330460799996,-91.64998527200001
1465,27220,Jackson WY-ID Micro Area,43.9177822866,-110.649243078
1470,30300,Lewiston ID-WA Metro Area,46.2691528712,-116.943724921
1472,35460,Newport TN Micro Area,35.9254374123,-83.121183014
1477,38220,Pine Bluff AR Metro Area,34.0772890203,-91.9498873711
1478,38420,Platteville WI Micro Area,42.8674818746,-90.70622042229999
1481,11780,Ashtabula OH Micro Area,41.8963811411,-80.7590107929
1485,30580,Liberal KS Micro Area,37.1933028105,-100.851287255
1488,39740,Reading PA Metro Area,40.416295657,-75.9259989027
1494,41220,St. Marys GA Micro Area,30.9224883015,-81.6363849358
1495,41780,Sandusky OH Micro Area,41.4705726437,-82.5763150918
1498,40100,Rio Grande City TX Micro Area,26.562153044200002,-98.73839959280001
1499,40660,Rome GA Metro Area,34.263162689,-85.2142786499
1513,45700,Tifton GA Micro Area,31.4574378292,-83.5265943229
1521,12860,Batavia NY Micro Area,43.0009332766,-78.1937114415
1522,14180,Blytheville AR Micro Area,35.7639015017,-90.0541659703
1523,15020,Brookhaven MS Micro Area,31.532391566599998,-90.4539982038
1524,16340,Cedartown GA Micro Area,34.0017844854,-85.1881533822
1529,35440,Newport OR Micro Area,44.6458436266,-123.90765469600001
1534,36840,Ottawa KS Micro Area,38.5645174515,-95.28594823959999
1535,36900,Ottumwa IA Micro Area,40.8790848985,-92.4095930896
1538,38460,Plattsburgh NY Micro Area,44.746226353999994,-73.6781737466
1542,11500,Anniston-Oxford-Jacksonville AL Metro Area,33.7714282018,-85.8260346135
1544,11860,Atchison KS Micro Area,39.5317400033,-95.31344464860001
1545,19700,Deming NM Micro Area,32.1822068603,-107.74977441700001
1546,19760,DeRidder LA Micro Area,30.6484687343,-93.3433389935
1547,20540,Dyersburg TN Micro Area,36.0590578021,-89.4137659481
1550,32460,Mayfield KY Micro Area,36.7231382004,-88.65120576940001
1554,34180,Moses Lake WA Micro Area,47.20566467729999,-119.451761712
1555,20780,Edwards CO Micro Area,39.627825615999996,-106.69529925799999
1556,20980,El Dorado AR Micro Area,33.1713631248,-92.5972883453
1557,21540,Escanaba MI Micro Area,45.79163645770001,-86.8705966508
1559,21840,Fairfield IA Micro Area,41.0317620678,-91.94887287819999
1561,22260,Fergus Falls MN Micro Area,46.4087959622,-95.7080021514
1562,22420,Flint MI Metro Area,43.021722903100006,-83.7067110419
1563,22780,Fort Leonard Wood MO Micro Area,37.8246250522,-92.2076625405
1564,23180,Frankfort KY Micro Area,38.1239000315,-84.9328887241
1565,23460,Gadsden AL Metro Area,34.0452540804,-86.0347622301
1566,23900,Gettysburg PA Metro Area,39.8714406423,-77.2178998144
1567,24460,Great Bend KS Micro Area,38.4789639679,-98.756464293
1578,13060,Bay City TX Micro Area,28.7856505534,-96.0039807561
1582,18060,Columbus MS Micro Area,33.4729092689,-88.44331348709999
1586,18860,Crescent City CA Micro Area,41.744942366,-123.957801356
1588,22840,Fort Payne AL Micro Area,34.459772955700004,-85.8041426436
1589,33980,Morehead City NC Micro Area,34.8612598084,-76.5357430669
1593,21820,Fairbanks AK Metro Area,64.8077661564,-146.565422856
1594,21980,Fallon NV Micro Area,39.580876380999996,-118.335778874
1599,23620,Gainesville TX Micro Area,33.6392003484,-97.21262613
1600,23700,Gallup NM Micro Area,35.5806641869,-108.26182312
1602,25420,Harrisburg-Carlisle PA Metro Area,40.3266669788,-77.10120305939999
1604,27580,Jayuya PR Micro Area,18.2106459126,-66.588445334
1605,28180,Kapaa HI Micro Area,22.0110798698,-159.7054382
1607,28740,Kingston NY Metro Area,41.8881456263,-74.2585695251
1609,29020,Kokomo IN Metro Area,40.4835856225,-86.11693072979999
1610,29700,Laredo TX Metro Area,27.7610624301,-99.33156530379999
1611,30060,Lebanon MO Micro Area,37.658317326399995,-92.59035228409999
1614,43380,Sidney OH Micro Area,40.3315251831,-84.2047427822
1616,44340,Statesboro GA Micro Area,32.3968139858,-81.7431818201
1617,44700,Stockton-Lodi CA Metro Area,37.9347459671,-121.271403236
1619,45520,The Dalles OR Micro Area,45.160022464300006,-121.167775167
1620,46520,Urban Honolulu HI Metro Area,23.7186403965,-164.736740347
1625,47940,Waterloo-Cedar Falls IA Metro Area,42.536232100300005,-92.471155529
1628,35140,Newberry SC Micro Area,34.289812316399995,-81.6001210826
1629,34900,Napa CA Metro Area,38.5064736605,-122.330533205
1633,36100,Ocala FL Metro Area,29.210202290799998,-82.05667568300001
1634,36140,Ocean City NJ Metro Area,39.0850981086,-74.8499770137
1637,37120,Ozark AL Micro Area,31.431827070300002,-85.6110368175
1640,39260,Prineville OR Micro Area,44.142179837200004,-120.35658095
1650,40180,Riverton WY Micro Area,43.0405280973,-108.630418124
1654,42680,Sebastian-Vero Beach FL Metro Area,27.696390847600004,-80.5740896147
1663,49300,Wooster OH Micro Area,40.828867381100004,-81.888031346
1666,35060,Natchitoches LA Micro Area,31.7235401557,-93.09624338569999
1668,36340,Oil City PA Micro Area,41.4009689608,-79.7579456488
1670,38340,Pittsfield MA Metro Area,42.3706766104,-73.20641229
1672,38700,Pontiac IL Micro Area,40.8915576346,-88.5577159954
1677,11820,Astoria OR Micro Area,46.017526151999995,-123.71699916200001
1679,30620,Lima OH Metro Area,40.7715207081,-84.1057794323
1684,33180,Middlesborough KY Micro Area,36.7306482498,-83.6740950637
1686,34020,Morgan City LA Micro Area,29.6346233871,-91.4729263457
1690,23780,Garden City KS Micro Area,38.026636837,-100.970464783
1695,26340,Houghton MI Micro Area,47.571331896800004,-88.33169169969999
1696,27340,Jacksonville NC Metro Area,34.709836363,-77.4157658244
1697,28380,Kennett MO Micro Area,36.2721379184,-90.0909042421
1701,30340,Lewiston-Auburn ME Metro Area,44.16584842979999,-70.20644499699999
1702,12660,Baraboo WI Micro Area,43.4266633889,-89.94821666840001
1703,12900,Batesville AR Micro Area,35.7415795586,-91.5697244058
1708,15500,Burlington NC Metro Area,36.0437098769,-79.39942481770001
1709,16580,Champaign-Urbana IL Metro Area,40.226684246,-88.29452393860001
1716,33420,Mineral Wells TX Micro Area,32.7531803783,-98.31302138
1718,34260,Mountain Home AR Micro Area,36.2871885366,-92.3369713486
1719,21900,Fairmont WV Micro Area,39.509995074,-80.24339834279999
1723,25760,Helena-West Helena AR Micro Area,34.4282912501,-90.8480221033
1724,25880,Hillsdale MI Micro Area,41.8877674933,-84.59292780189999
1729,27980,Kahului-Wailuku-Lahaina HI Metro Area,20.8751690002,-156.62433749
1734,39780,Red Bluff CA Micro Area,40.1257361849,-122.23388485299999
1739,42140,Santa Fe NM Metro Area,35.5069269527,-105.97627321200001
1740,42460,Scottsboro AL Micro Area,34.7794159979,-85.9993005448
1742,46780,Van Wert OH Micro Area,40.8553982404,-84.5860991251
1744,47340,Wabash IN Micro Area,40.8456930058,-85.7940056739
1748,48820,Willmar MN Micro Area,45.15238164270001,-95.0047416565
1749,34620,Muncie IN Metro Area,40.2275253245,-85.39689928930001
1751,35300,New Haven-Milford CT Metro Area,41.3488250877,-72.8998598898
1753,35660,Niles-Benton Harbor MI Metro Area,41.995777688400004,-86.68542116209998
1755,36780,Oshkosh-Neenah WI Metro Area,44.0688768938,-88.64465875409999
1759,39460,Punta Gorda FL Metro Area,26.8998432628,-81.9503159648
1767,12180,Auburn NY Micro Area,43.0103267267,-76.5743582093
1768,12460,Bainbridge GA Micro Area,30.878344106900002,-84.57907014979999
1769,12540,Bakersfield CA Metro Area,35.342847351799996,-118.72990039999999
1778,18620,Corsicana TX Micro Area,32.0469291804,-96.47248506540001
1782,12120,Atmore AL Micro Area,31.126122545999998,-87.16161986819999
1783,40760,Ruidoso NM Micro Area,33.7453078269,-105.45929587100001
1786,36660,Opelousas LA Micro Area,30.5988510952,-92.005856861
1788,37540,Paris TN Micro Area,36.3318375802,-88.3012135686
1789,38240,Pinehurst-Southern Pines NC Micro Area,35.3106538555,-79.4813744392
1792,10220,Ada OK Micro Area,34.7280001653,-96.68443856319999
1794,11460,Ann Arbor MI Metro Area,42.253225348600004,-83.8387705109
1795,19980,Dodge City KS Micro Area,37.6917036301,-99.8879423784
1797,31060,Los Alamos NM Micro Area,35.869381374,-106.307385105
1798,31900,Mansfield OH Metro Area,40.7746843377,-82.5364843947
1799,32000,Marion NC Micro Area,35.6816924709,-82.0493124426
1801,32900,Merced CA Metro Area,37.1918704709,-120.717688
1802,21300,Elmira NY Metro Area,42.141247352600004,-76.7600260363
1804,23140,Frankfort IN Micro Area,40.3016905964,-86.4751595355
1805,23300,Freeport IL Micro Area,42.351747427,-89.66235826540002
1813,28340,Kendallville IN Micro Area,41.3985995059,-85.4174667321
1815,28580,Key West FL Micro Area,25.0467803277,-81.1856924179
1816,28900,Klamath Falls OR Micro Area,42.6864089427,-121.65012099399999
1827,45940,Trenton NJ Metro Area,40.2834374257,-74.7017524075
1831,48460,West Plains MO Micro Area,36.7740135589,-91.8865416666
1832,49100,Winona MN Micro Area,43.9868496601,-91.7791294269
1836,14860,Bridgeport-Stamford-Norwalk CT Metro Area,41.2249600831,-73.3712046146
1841,17580,Clovis NM Micro Area,34.5741914782,-103.347029228
1842,17700,Coffeyville KS Micro Area,37.1925238004,-95.7428780841
1844,18740,Coshocton OH Micro Area,40.3016413767,-81.92001073670001
1847,40740,Roswell NM Micro Area,33.3633180669,-104.46687957799999
1854,43420,Sierra Vista-Douglas AZ Metro Area,31.8795612563,-109.751300122
1855,44620,Stevens Point WI Micro Area,44.4760263479,-89.5014010359
1856,45340,Taos NM Micro Area,36.5781593871,-105.63102582399999
1857,45540,The Villages FL Metro Area,28.7048225342,-82.0809953644
1858,45620,Thomasville GA Micro Area,30.8636815475,-83.91931340939999
1863,46980,Vicksburg MS Micro Area,32.1859499604,-90.8787175962
1867,49820,Zapata TX Micro Area,27.0007781554,-99.16861279049999
1869,49460,Yankton SD Micro Area,43.0089657483,-97.394765121
1870,35420,New Philadelphia-Dover OH Micro Area,40.440959914699995,-81.473769552
1876,39420,Pullman WA Micro Area,46.9012020317,-117.52305773399999
1878,11420,Angola IN Micro Area,41.6438678781,-85.0007648542
1879,31220,Ludington MI Micro Area,43.99606769,-86.5450922685
1882,21260,Ellensburg WA Micro Area,47.124266152,-120.679683234
1889,26960,Ionia MI Micro Area,42.9450938315,-85.0746031181
1890,27060,Ithaca NY Metro Area,42.4520186799,-76.4736541298
1896,13660,Big Rapids MI Micro Area,43.640768191899994,-85.32463354869999
1898,14780,Brenham TX Micro Area,30.2145304257,-96.4034437649
1904,17740,Coldwater MI Micro Area,41.916118653699996,-85.0590443604
1908,14300,Bonham TX Micro Area,33.593809789,-96.1068276933
1909,15140,Brownsville TN Micro Area,35.5832218368,-89.28383579780001
