GeoFips,MSA,Year,Population,Personal Income,Number Jobs,HPI
12580,"Baltimore-Columbia-Towson, MD",1975,2184332,14987764,1038096,27.31916666666667
12580,"Baltimore-Columbia-Towson, MD",1976,2188964,16344005,1040323,29.631666666666664
12580,"Baltimore-Columbia-Towson, MD",1977,2201877,17827450,1068371,32.359166666666674
12580,"Baltimore-Columbia-Towson, MD",1978,2204362,19889912,1108082,35.471666666666664
12580,"Baltimore-Columbia-Towson, MD",1979,2209160,21951910,1139209,39.0375
12580,"Baltimore-Columbia-Towson, MD",1980,2203385,24628751,1139485,42.39666666666667
12580,"Baltimore-Columbia-Towson, MD",1981,2214413,27264037,1146005,46.29583333333333
12580,"Baltimore-Columbia-Towson, MD",1982,2220748,29340768,1137050,47.21833333333333
12580,"Baltimore-Columbia-Towson, MD",1983,2228439,31328742,1164025,48.17250000000001
12580,"Baltimore-Columbia-Towson, MD",1984,2244735,34416475,1202935,50.99083333333334
12580,"Baltimore-Columbia-Towson, MD",1985,2255970,37069457,1243523,53.81083333333334
12580,"Baltimore-Columbia-Towson, MD",1986,2285633,39775035,1276452,58.53083333333333
12580,"Baltimore-Columbia-Towson, MD",1987,2309719,42482919,1332191,65.56666666666668
12580,"Baltimore-Columbia-Towson, MD",1988,2340870,46438466,1366737,72.25250000000003
12580,"Baltimore-Columbia-Towson, MD",1989,2360610,49698479,1393176,77.875
12580,"Baltimore-Columbia-Towson, MD",1990,2390543,52649611,1404128,81.22916666666667
12580,"Baltimore-Columbia-Towson, MD",1991,2418136,54612636,1358484,81.63083333333334
12580,"Baltimore-Columbia-Towson, MD",1992,2440078,57198936,1339950,82.77416666666666
12580,"Baltimore-Columbia-Towson, MD",1993,2458038,59178785,1347488,82.75333333333333
12580,"Baltimore-Columbia-Towson, MD",1994,2475364,61769826,1371332,83.755
12580,"Baltimore-Columbia-Towson, MD",1995,2490370,64703504,1394314,83.93166666666666
12580,"Baltimore-Columbia-Towson, MD",1996,2501453,67881395,1409343,84.64083333333333
12580,"Baltimore-Columbia-Towson, MD",1997,2513492,71926659,1436116,85.3883333333333
12580,"Baltimore-Columbia-Towson, MD",1998,2525266,77241641,1466512,87.31916666666666
12580,"Baltimore-Columbia-Towson, MD",1999,2540307,82273178,1509853,91.81083333333332
12580,"Baltimore-Columbia-Towson, MD",2000,2557958,88618199,1543762,97.52
12580,"Baltimore-Columbia-Towson, MD",2001,2575471,92560218,1547690,105.05833333333334
12580,"Baltimore-Columbia-Towson, MD",2002,2596501,96206347,1558796,116.96166666666666
12580,"Baltimore-Columbia-Towson, MD",2003,2614232,100100963,1566963,134.72583333333333
12580,"Baltimore-Columbia-Towson, MD",2004,2630946,106048601,1593882,158.9416666666667
12580,"Baltimore-Columbia-Towson, MD",2005,2644231,112150514,1623895,189.62083333333337
12580,"Baltimore-Columbia-Towson, MD",2006,2658162,119250613,1658564,205.0558333333333
12580,"Baltimore-Columbia-Towson, MD",2007,2667619,124913017,1689183,204.59833333333336
12580,"Baltimore-Columbia-Towson, MD",2008,2679819,129517393,1686091,189.07583333333332
12580,"Baltimore-Columbia-Towson, MD",2009,2696018,128216434,1649432,174.06916666666663
12580,"Baltimore-Columbia-Towson, MD",2010,2715738,132299439,1645096,167.87166666666667
12580,"Baltimore-Columbia-Towson, MD",2011,2733785,139408288,1677182,160.79249999999996
12580,"Baltimore-Columbia-Towson, MD",2012,2754637,143713198,1707280,161.42333333333332
12580,"Baltimore-Columbia-Towson, MD",2013,2768233,144540375,1734251,169.26166666666666
12580,"Baltimore-Columbia-Towson, MD",2014,2780055,150789783,1755256,172.35916666666665
12580,"Baltimore-Columbia-Towson, MD",2015,2790053,156931804,1788444,174.10833333333335
12580,"Baltimore-Columbia-Towson, MD",2016,2794111,161864493,1813506,178.41166666666663
12580,"Baltimore-Columbia-Towson, MD",2017,2798707,167288930,1833823,185.8
12580,"Baltimore-Columbia-Towson, MD",2018,2800743,173683854,1865227,192.07416666666668
12580,"Baltimore-Columbia-Towson, MD",2019,2800053,179169101,1889243,195.4783333333333
14460,"Boston-Cambridge-Newton, MA-NH",1975,3953504,26958682,1943843,15.090833333333334
14460,"Boston-Cambridge-Newton, MA-NH",1976,3946719,28988024,1961507,15.513333333333335
14460,"Boston-Cambridge-Newton, MA-NH",1977,3947472,31575637,2021580,16.493333333333332
14460,"Boston-Cambridge-Newton, MA-NH",1978,3944294,34874102,2118025,18.27
14460,"Boston-Cambridge-Newton, MA-NH",1979,3942625,38842908,2213716,21.305
14460,"Boston-Cambridge-Newton, MA-NH",1980,3946114,43921452,2271006,23.57333333333333
14460,"Boston-Cambridge-Newton, MA-NH",1981,3966836,49271786,2288684,26.044166666666676
14460,"Boston-Cambridge-Newton, MA-NH",1982,3977211,54290274,2304308,27.336666666666666
14460,"Boston-Cambridge-Newton, MA-NH",1983,4006648,59199900,2364109,30.398333333333333
14460,"Boston-Cambridge-Newton, MA-NH",1984,4038686,67016058,2509018,36.739166666666655
14460,"Boston-Cambridge-Newton, MA-NH",1985,4071845,72686413,2591649,47.01
14460,"Boston-Cambridge-Newton, MA-NH",1986,4088650,78488998,2660368,58.915
14460,"Boston-Cambridge-Newton, MA-NH",1987,4104797,85049895,2682717,66.62
14460,"Boston-Cambridge-Newton, MA-NH",1988,4125293,93972761,2758108,68.71000000000001
14460,"Boston-Cambridge-Newton, MA-NH",1989,4139484,99301380,2735161,68.68666666666667
14460,"Boston-Cambridge-Newton, MA-NH",1990,4137302,102262812,2665144,65.86583333333333
14460,"Boston-Cambridge-Newton, MA-NH",1991,4128150,103975559,2541026,60.8725
14460,"Boston-Cambridge-Newton, MA-NH",1992,4137692,109710065,2555157,59.40333333333334
14460,"Boston-Cambridge-Newton, MA-NH",1993,4163698,114095209,2603207,57.81416666666666
14460,"Boston-Cambridge-Newton, MA-NH",1994,4189180,119824758,2655650,59.36083333333334
14460,"Boston-Cambridge-Newton, MA-NH",1995,4230795,127433681,2685848,60.76166666666666
14460,"Boston-Cambridge-Newton, MA-NH",1996,4265564,135889771,2740663,63.13916666666666
14460,"Boston-Cambridge-Newton, MA-NH",1997,4302696,144739232,2813151,66.69833333333334
14460,"Boston-Cambridge-Newton, MA-NH",1998,4337751,154901873,2889492,73.15916666666669
14460,"Boston-Cambridge-Newton, MA-NH",1999,4369743,166168746,2941149,82.05583333333334
14460,"Boston-Cambridge-Newton, MA-NH",2000,4401256,187074333,3027183,94.44666666666666
14460,"Boston-Cambridge-Newton, MA-NH",2001,4432132,193144620,3031090,107.23833333333332
14460,"Boston-Cambridge-Newton, MA-NH",2002,4440034,191456821,2977857,119.97166666666668
14460,"Boston-Cambridge-Newton, MA-NH",2003,4434723,194740022,2947152,131.84416666666667
14460,"Boston-Cambridge-Newton, MA-NH",2004,4424956,205195962,2973111,143.41
14460,"Boston-Cambridge-Newton, MA-NH",2005,4418046,215312270,3013744,151.70583333333332
14460,"Boston-Cambridge-Newton, MA-NH",2006,4427356,233311504,3051211,148.60333333333338
14460,"Boston-Cambridge-Newton, MA-NH",2007,4447838,245689586,3131667,142.63416666666666
14460,"Boston-Cambridge-Newton, MA-NH",2008,4483141,254643531,3150417,134.74666666666664
14460,"Boston-Cambridge-Newton, MA-NH",2009,4527220,251395544,3081345,129.54083333333332
14460,"Boston-Cambridge-Newton, MA-NH",2010,4566348,265132347,3085620,130.06333333333333
14460,"Boston-Cambridge-Newton, MA-NH",2011,4609790,278612314,3132923,126.57916666666668
14460,"Boston-Cambridge-Newton, MA-NH",2012,4656593,291048881,3190639,126.84749999999998
14460,"Boston-Cambridge-Newton, MA-NH",2013,4702877,293535282,3268018,135.6891666666667
14460,"Boston-Cambridge-Newton, MA-NH",2014,4746931,310116458,3344569,143.54333333333338
14460,"Boston-Cambridge-Newton, MA-NH",2015,4778340,331613402,3490822,150.5375
14460,"Boston-Cambridge-Newton, MA-NH",2016,4809061,345262564,3556994,159.15916666666666
14460,"Boston-Cambridge-Newton, MA-NH",2017,4841772,363192458,3611368,170.0675
14460,"Boston-Cambridge-Newton, MA-NH",2018,4859536,383529173,3673566,180.2216666666667
14460,"Boston-Cambridge-Newton, MA-NH",2019,4873019,397139161,3743187,187.155
16740,"Charlotte-Concord-Gastonia, NC-SC",1975,1083225,5847774,540283,27.59416666666667
16740,"Charlotte-Concord-Gastonia, NC-SC",1976,1090448,6537250,562341,28.2775
16740,"Charlotte-Concord-Gastonia, NC-SC",1977,1101205,7243233,585960,29.94916666666667
16740,"Charlotte-Concord-Gastonia, NC-SC",1978,1119946,8208654,614689,33.401666666666664
16740,"Charlotte-Concord-Gastonia, NC-SC",1979,1140515,9274476,642177,37.91333333333333
16740,"Charlotte-Concord-Gastonia, NC-SC",1980,1168323,10429791,647215,41.25583333333334
16740,"Charlotte-Concord-Gastonia, NC-SC",1981,1185227,11731146,654480,43.17
16740,"Charlotte-Concord-Gastonia, NC-SC",1982,1202085,12561542,644062,44.56
16740,"Charlotte-Concord-Gastonia, NC-SC",1983,1211827,13754088,658173,45.45166666666666
16740,"Charlotte-Concord-Gastonia, NC-SC",1984,1231696,15611921,698059,48.50416666666667
16740,"Charlotte-Concord-Gastonia, NC-SC",1985,1254725,16926350,721856,51.49083333333334
16740,"Charlotte-Concord-Gastonia, NC-SC",1986,1272319,18351578,748162,54.5425
16740,"Charlotte-Concord-Gastonia, NC-SC",1987,1296549,20049878,778947,58.63583333333333
16740,"Charlotte-Concord-Gastonia, NC-SC",1988,1321246,22164575,814091,61.98
16740,"Charlotte-Concord-Gastonia, NC-SC",1989,1344353,24207445,836798,65.06
16740,"Charlotte-Concord-Gastonia, NC-SC",1990,1373345,25988222,855907,67.02833333333334
16740,"Charlotte-Concord-Gastonia, NC-SC",1991,1404496,26964674,841597,68.16
16740,"Charlotte-Concord-Gastonia, NC-SC",1992,1429067,29199116,854956,69.55666666666666
16740,"Charlotte-Concord-Gastonia, NC-SC",1993,1460199,31262787,884610,70.84583333333335
16740,"Charlotte-Concord-Gastonia, NC-SC",1994,1495064,33778238,920169,73.4525
16740,"Charlotte-Concord-Gastonia, NC-SC",1995,1533653,36721750,959858,77.0
16740,"Charlotte-Concord-Gastonia, NC-SC",1996,1575674,39670574,986357,81.76499999999999
16740,"Charlotte-Concord-Gastonia, NC-SC",1997,1619972,42732488,1025865,86.54166666666669
16740,"Charlotte-Concord-Gastonia, NC-SC",1998,1665276,46854803,1056196,90.455
16740,"Charlotte-Concord-Gastonia, NC-SC",1999,1711905,49973389,1094733,94.73666666666666
16740,"Charlotte-Concord-Gastonia, NC-SC",2000,1753958,53630608,1126455,98.95
16740,"Charlotte-Concord-Gastonia, NC-SC",2001,1795029,52696851,1131782,101.1225
16740,"Charlotte-Concord-Gastonia, NC-SC",2002,1832361,54246879,1134667,103.25916666666667
16740,"Charlotte-Concord-Gastonia, NC-SC",2003,1867238,57510558,1137783,105.18333333333334
16740,"Charlotte-Concord-Gastonia, NC-SC",2004,1906396,63998792,1166374,108.3425
16740,"Charlotte-Concord-Gastonia, NC-SC",2005,1960753,70783635,1209673,114.14
16740,"Charlotte-Concord-Gastonia, NC-SC",2006,2035838,80185178,1263361,123.0066666666667
16740,"Charlotte-Concord-Gastonia, NC-SC",2007,2112817,89841801,1320238,130.86666666666667
16740,"Charlotte-Concord-Gastonia, NC-SC",2008,2178593,100148744,1322580,129.5016666666667
16740,"Charlotte-Concord-Gastonia, NC-SC",2009,2222773,92189215,1269767,121.51666666666668
16740,"Charlotte-Concord-Gastonia, NC-SC",2010,2250121,87057935,1263077,113.88583333333332
16740,"Charlotte-Concord-Gastonia, NC-SC",2011,2281230,92005049,1318012,108.48583333333336
16740,"Charlotte-Concord-Gastonia, NC-SC",2012,2318671,104121182,1347262,110.83333333333331
16740,"Charlotte-Concord-Gastonia, NC-SC",2013,2358660,99619040,1383036,118.87083333333332
16740,"Charlotte-Concord-Gastonia, NC-SC",2014,2400483,106161415,1437676,125.53416666666668
16740,"Charlotte-Concord-Gastonia, NC-SC",2015,2447898,114129669,1490981,134.30499999999998
16740,"Charlotte-Concord-Gastonia, NC-SC",2016,2499697,119997339,1541709,144.21083333333334
16740,"Charlotte-Concord-Gastonia, NC-SC",2017,2550373,128282947,1589080,156.17749999999995
16740,"Charlotte-Concord-Gastonia, NC-SC",2018,2592950,135599272,1636445,169.13416666666666
16740,"Charlotte-Concord-Gastonia, NC-SC",2019,2636883,142170385,1683494,180.145
16980,"Chicago-Naperville-Elgin, IL-IN-WI",1975,7988641,58433668,3831128,23.725
16980,"Chicago-Naperville-Elgin, IL-IN-WI",1976,8014978,64192731,3918359,26.2375
16980,"Chicago-Naperville-Elgin, IL-IN-WI",1977,8047518,71017879,4032483,29.52833333333333
16980,"Chicago-Naperville-Elgin, IL-IN-WI",1978,8067880,78718037,4165078,34.009166666666665
16980,"Chicago-Naperville-Elgin, IL-IN-WI",1979,8055256,86307014,4212288,36.594166666666666
16980,"Chicago-Naperville-Elgin, IL-IN-WI",1980,8052943,94171212,4122105,37.06666666666667
16980,"Chicago-Naperville-Elgin, IL-IN-WI",1981,8038127,103627947,4108351,38.795
16980,"Chicago-Naperville-Elgin, IL-IN-WI",1982,8047477,109546668,4025482,37.678333333333335
16980,"Chicago-Naperville-Elgin, IL-IN-WI",1983,8044580,115032419,3992825,39.29166666666666
16980,"Chicago-Naperville-Elgin, IL-IN-WI",1984,8067923,126082430,4150208,41.25166666666667
16980,"Chicago-Naperville-Elgin, IL-IN-WI",1985,8072070,132939813,4206304,43.05416666666667
16980,"Chicago-Naperville-Elgin, IL-IN-WI",1986,8078098,140682691,4297096,46.40333333333334
16980,"Chicago-Naperville-Elgin, IL-IN-WI",1987,8099059,150034541,4429471,51.41
16980,"Chicago-Naperville-Elgin, IL-IN-WI",1988,8116756,163636534,4560934,56.52583333333334
16980,"Chicago-Naperville-Elgin, IL-IN-WI",1989,8153134,173570066,4646403,61.52416666666665
16980,"Chicago-Naperville-Elgin, IL-IN-WI",1990,8203210,185617214,4719223,65.25166666666668
16980,"Chicago-Naperville-Elgin, IL-IN-WI",1991,8304560,190171343,4690670,67.4525
16980,"Chicago-Naperville-Elgin, IL-IN-WI",1992,8412788,205137770,4668331,70.165
16980,"Chicago-Naperville-Elgin, IL-IN-WI",1993,8512911,213324335,4745984,72.84249999999999
16980,"Chicago-Naperville-Elgin, IL-IN-WI",1994,8605735,224768787,4860416,75.34750000000003
16980,"Chicago-Naperville-Elgin, IL-IN-WI",1995,8693383,240472614,4989418,77.35166666666666
16980,"Chicago-Naperville-Elgin, IL-IN-WI",1996,8782253,255530533,5072565,79.64166666666667
16980,"Chicago-Naperville-Elgin, IL-IN-WI",1997,8862719,271320981,5159787,81.74749999999997
16980,"Chicago-Naperville-Elgin, IL-IN-WI",1998,8949190,289689942,5291308,84.8141666666667
16980,"Chicago-Naperville-Elgin, IL-IN-WI",1999,9035654,303849857,5357397,90.0175
16980,"Chicago-Naperville-Elgin, IL-IN-WI",2000,9113234,328420542,5462648,97.1775
16980,"Chicago-Naperville-Elgin, IL-IN-WI",2001,9169580,338420040,5450274,104.7675
16980,"Chicago-Naperville-Elgin, IL-IN-WI",2002,9206032,341880172,5386960,113.02583333333332
16980,"Chicago-Naperville-Elgin, IL-IN-WI",2003,9233303,346751379,5387028,122.19083333333334
16980,"Chicago-Naperville-Elgin, IL-IN-WI",2004,9260676,359884566,5446229,132.31833333333336
16980,"Chicago-Naperville-Elgin, IL-IN-WI",2005,9276302,377830834,5528261,143.6291666666667
16980,"Chicago-Naperville-Elgin, IL-IN-WI",2006,9297749,404361337,5627599,151.375
16980,"Chicago-Naperville-Elgin, IL-IN-WI",2007,9337140,428756707,5733881,150.36416666666668
16980,"Chicago-Naperville-Elgin, IL-IN-WI",2008,9384555,435638196,5715056,137.88916666666668
16980,"Chicago-Naperville-Elgin, IL-IN-WI",2009,9429498,408489123,5515227,122.89583333333331
16980,"Chicago-Naperville-Elgin, IL-IN-WI",2010,9470634,418681182,5470609,116.005
16980,"Chicago-Naperville-Elgin, IL-IN-WI",2011,9500870,439395786,5581826,107.11833333333334
16980,"Chicago-Naperville-Elgin, IL-IN-WI",2012,9528090,464594859,5643024,104.325
16980,"Chicago-Naperville-Elgin, IL-IN-WI",2013,9550194,474410590,5730430,111.27083333333331
16980,"Chicago-Naperville-Elgin, IL-IN-WI",2014,9560430,503802066,5831728,118.15916666666664
16980,"Chicago-Naperville-Elgin, IL-IN-WI",2015,9552554,530240862,5963729,121.9125
16980,"Chicago-Naperville-Elgin, IL-IN-WI",2016,9533662,536083043,6038256,127.14416666666666
16980,"Chicago-Naperville-Elgin, IL-IN-WI",2017,9514113,554968158,6070690,133.08083333333335
16980,"Chicago-Naperville-Elgin, IL-IN-WI",2018,9484158,584625041,6135579,137.76000000000002
16980,"Chicago-Naperville-Elgin, IL-IN-WI",2019,9458539,600616821,6216332,140.5275
19100,"Dallas-Fort Worth-Arlington, TX",1975,2654603,17609865,1366632,32.37
19100,"Dallas-Fort Worth-Arlington, TX",1976,2723580,19663563,1424689,33.92833333333333
19100,"Dallas-Fort Worth-Arlington, TX",1977,2775384,22002447,1505789,37.049166666666665
19100,"Dallas-Fort Worth-Arlington, TX",1978,2841618,25560202,1610676,42.821666666666665
19100,"Dallas-Fort Worth-Arlington, TX",1979,2924299,29642682,1710438,51.32166666666666
19100,"Dallas-Fort Worth-Arlington, TX",1980,3035483,34457655,1783735,59.18666666666667
19100,"Dallas-Fort Worth-Arlington, TX",1981,3118847,39741134,1866469,63.40333333333332
19100,"Dallas-Fort Worth-Arlington, TX",1982,3231253,44236518,1913919,67.76
19100,"Dallas-Fort Worth-Arlington, TX",1983,3340555,49051248,1983208,71.31833333333336
19100,"Dallas-Fort Worth-Arlington, TX",1984,3456129,55900247,2154576,75.97333333333334
19100,"Dallas-Fort Worth-Arlington, TX",1985,3596198,62082772,2282704,79.2625
19100,"Dallas-Fort Worth-Arlington, TX",1986,3731895,65683706,2310171,80.12083333333334
19100,"Dallas-Fort Worth-Arlington, TX",1987,3814627,67989072,2383007,76.72416666666666
19100,"Dallas-Fort Worth-Arlington, TX",1988,3858983,71887954,2414222,72.83416666666666
19100,"Dallas-Fort Worth-Arlington, TX",1989,3917872,76639069,2445797,71.14333333333335
19100,"Dallas-Fort Worth-Arlington, TX",1990,4009530,82866430,2507837,71.03916666666666
19100,"Dallas-Fort Worth-Arlington, TX",1991,4109324,85931023,2529960,71.28999999999998
19100,"Dallas-Fort Worth-Arlington, TX",1992,4194301,92363292,2542635,72.15166666666667
19100,"Dallas-Fort Worth-Arlington, TX",1993,4284857,98070175,2616854,73.39333333333333
19100,"Dallas-Fort Worth-Arlington, TX",1994,4388097,104617440,2708936,74.90916666666669
19100,"Dallas-Fort Worth-Arlington, TX",1995,4496174,112522402,2814870,76.57583333333334
19100,"Dallas-Fort Worth-Arlington, TX",1996,4622564,122652670,2923393,79.08333333333333
19100,"Dallas-Fort Worth-Arlington, TX",1997,4765255,134485445,3057914,81.65916666666666
19100,"Dallas-Fort Worth-Arlington, TX",1998,4912807,148874293,3176906,86.26583333333332
19100,"Dallas-Fort Worth-Arlington, TX",1999,5054705,157872417,3284237,91.76916666666666
19100,"Dallas-Fort Worth-Arlington, TX",2000,5187122,174789246,3417830,97.80666666666666
19100,"Dallas-Fort Worth-Arlington, TX",2001,5326971,182474148,3463068,103.33583333333333
19100,"Dallas-Fort Worth-Arlington, TX",2002,5432371,183965379,3424897,107.28999999999998
19100,"Dallas-Fort Worth-Arlington, TX",2003,5523937,187412667,3432695,109.59833333333334
19100,"Dallas-Fort Worth-Arlington, TX",2004,5613420,194994572,3499362,111.9425
19100,"Dallas-Fort Worth-Arlington, TX",2005,5722444,212703311,3621905,115.655
19100,"Dallas-Fort Worth-Arlington, TX",2006,5886950,234904775,3766949,119.79333333333334
19100,"Dallas-Fort Worth-Arlington, TX",2007,6025041,248948798,3913910,122.33666666666666
19100,"Dallas-Fort Worth-Arlington, TX",2008,6152770,267281062,3993545,120.84916666666668
19100,"Dallas-Fort Worth-Arlington, TX",2009,6282484,249116172,3914429,119.70749999999998
19100,"Dallas-Fort Worth-Arlington, TX",2010,6392065,262043276,3929790,119.29916666666668
19100,"Dallas-Fort Worth-Arlington, TX",2011,6510544,292242374,4068890,116.9
19100,"Dallas-Fort Worth-Arlington, TX",2012,6644559,309930247,4191061,121.09833333333331
19100,"Dallas-Fort Worth-Arlington, TX",2013,6753889,318057096,4318879,130.92749999999998
19100,"Dallas-Fort Worth-Arlington, TX",2014,6889769,343563993,4464293,142.0225
19100,"Dallas-Fort Worth-Arlington, TX",2015,7042566,356850208,4634221,155.9025
19100,"Dallas-Fort Worth-Arlington, TX",2016,7194758,370009351,4794719,171.25249999999997
19100,"Dallas-Fort Worth-Arlington, TX",2017,7337097,395250806,4930171,187.78333333333333
19100,"Dallas-Fort Worth-Arlington, TX",2018,7455756,423961883,5085031,198.9558333333333
19100,"Dallas-Fort Worth-Arlington, TX",2019,7573136,444730277,5226844,205.5583333333333
19740,"Denver-Aurora-Lakewood, CO",1975,1285565,9496789,696348,19.221666666666664
19740,"Denver-Aurora-Lakewood, CO",1976,1316528,10499533,721876,20.814166666666665
19740,"Denver-Aurora-Lakewood, CO",1977,1343631,11794472,763237,23.552499999999995
19740,"Denver-Aurora-Lakewood, CO",1978,1390221,13650331,821600,28.6825
19740,"Denver-Aurora-Lakewood, CO",1979,1432057,15561186,870090,33.5325
19740,"Denver-Aurora-Lakewood, CO",1980,1460960,17850113,901316,37.259166666666665
19740,"Denver-Aurora-Lakewood, CO",1981,1497985,20573043,939574,39.46083333333333
19740,"Denver-Aurora-Lakewood, CO",1982,1541261,22833423,968403,42.48
19740,"Denver-Aurora-Lakewood, CO",1983,1578689,24592766,980047,44.175
19740,"Denver-Aurora-Lakewood, CO",1984,1600224,26831886,1034156,44.72916666666666
19740,"Denver-Aurora-Lakewood, CO",1985,1623121,28530685,1054857,44.66833333333333
19740,"Denver-Aurora-Lakewood, CO",1986,1637259,29500834,1047201,45.32333333333333
19740,"Denver-Aurora-Lakewood, CO",1987,1644586,30299202,1033523,44.43083333333333
19740,"Denver-Aurora-Lakewood, CO",1988,1638280,31823983,1053281,42.693333333333335
19740,"Denver-Aurora-Lakewood, CO",1989,1639407,34369476,1065789,42.23416666666665
19740,"Denver-Aurora-Lakewood, CO",1990,1658024,36448193,1084091,42.775
19740,"Denver-Aurora-Lakewood, CO",1991,1702298,38680251,1108061,44.0825
19740,"Denver-Aurora-Lakewood, CO",1992,1760945,41775503,1129013,47.83416666666667
19740,"Denver-Aurora-Lakewood, CO",1993,1819298,45261221,1174291,52.4725
19740,"Denver-Aurora-Lakewood, CO",1994,1862948,48525423,1223582,57.723333333333336
19740,"Denver-Aurora-Lakewood, CO",1995,1910680,52734135,1259599,61.82749999999999
19740,"Denver-Aurora-Lakewood, CO",1996,1959552,56935003,1304522,65.6425
19740,"Denver-Aurora-Lakewood, CO",1997,2012227,61360455,1362615,70.0
19740,"Denver-Aurora-Lakewood, CO",1998,2061091,68199156,1421735,75.50999999999998
19740,"Denver-Aurora-Lakewood, CO",1999,2118555,73888800,1465962,84.32583333333334
19740,"Denver-Aurora-Lakewood, CO",2000,2170977,82929639,1523011,95.70416666666664
19740,"Denver-Aurora-Lakewood, CO",2001,2218759,86252697,1518724,104.41416666666667
19740,"Denver-Aurora-Lakewood, CO",2002,2266781,86942484,1521825,108.60499999999998
19740,"Denver-Aurora-Lakewood, CO",2003,2284876,88018916,1510967,110.3025
19740,"Denver-Aurora-Lakewood, CO",2004,2304818,90911888,1533283,113.50333333333332
19740,"Denver-Aurora-Lakewood, CO",2005,2332749,97009527,1571107,117.19916666666668
19740,"Denver-Aurora-Lakewood, CO",2006,2374194,105443981,1607028,118.62583333333332
19740,"Denver-Aurora-Lakewood, CO",2007,2418686,111442353,1664565,116.02083333333331
19740,"Denver-Aurora-Lakewood, CO",2008,2463971,114692824,1683596,110.15083333333335
19740,"Denver-Aurora-Lakewood, CO",2009,2509417,107975014,1643661,110.36583333333333
19740,"Denver-Aurora-Lakewood, CO",2010,2554523,111542391,1637488,110.26916666666666
19740,"Denver-Aurora-Lakewood, CO",2011,2602918,123428104,1672982,107.45916666666666
19740,"Denver-Aurora-Lakewood, CO",2012,2650274,132036059,1715507,114.82333333333334
19740,"Denver-Aurora-Lakewood, CO",2013,2700529,139847697,1776516,128.3575
19740,"Denver-Aurora-Lakewood, CO",2014,2753973,153206154,1843962,141.27333333333334
19740,"Denver-Aurora-Lakewood, CO",2015,2812896,159512262,1917066,158.6925
19740,"Denver-Aurora-Lakewood, CO",2016,2856755,162232980,1981619,175.43749999999997
19740,"Denver-Aurora-Lakewood, CO",2017,2891776,175853476,2030022,191.93416666666664
19740,"Denver-Aurora-Lakewood, CO",2018,2931665,189649107,2087752,206.75000000000003
19740,"Denver-Aurora-Lakewood, CO",2019,2967239,199503851,2142948,214.61416666666668
19820,"Detroit-Warren-Dearborn, MI",1975,4394458,30323450,1808270,23.06166666666667
19820,"Detroit-Warren-Dearborn, MI",1976,4361574,33800030,1876295,23.71833333333333
19820,"Detroit-Warren-Dearborn, MI",1977,4351973,38051495,1960763,25.611666666666668
19820,"Detroit-Warren-Dearborn, MI",1978,4356619,42389221,2043005,29.855
19820,"Detroit-Warren-Dearborn, MI",1979,4356811,46120599,2045908,35.27
19820,"Detroit-Warren-Dearborn, MI",1980,4339778,48824209,1921891,36.799166666666665
19820,"Detroit-Warren-Dearborn, MI",1981,4275732,51395115,1876138,37.1475
19820,"Detroit-Warren-Dearborn, MI",1982,4223098,52922315,1789482,34.222500000000004
19820,"Detroit-Warren-Dearborn, MI",1983,4185050,56201073,1798974,34.520833333333336
19820,"Detroit-Warren-Dearborn, MI",1984,4182763,62456215,1897635,35.23583333333333
19820,"Detroit-Warren-Dearborn, MI",1985,4195986,68591338,2012186,36.88333333333333
19820,"Detroit-Warren-Dearborn, MI",1986,4219771,73127376,2067378,40.658333333333346
19820,"Detroit-Warren-Dearborn, MI",1987,4241494,75541248,2118647,45.70833333333334
19820,"Detroit-Warren-Dearborn, MI",1988,4234083,80991059,2168474,49.38916666666668
19820,"Detroit-Warren-Dearborn, MI",1989,4237904,86947955,2227089,52.709999999999994
19820,"Detroit-Warren-Dearborn, MI",1990,4250986,90544457,2244909,55.55750000000001
19820,"Detroit-Warren-Dearborn, MI",1991,4285663,91197557,2181991,57.04500000000001
19820,"Detroit-Warren-Dearborn, MI",1992,4319806,96314198,2182305,59.17833333333334
19820,"Detroit-Warren-Dearborn, MI",1993,4344712,101454753,2209546,62.76749999999999
19820,"Detroit-Warren-Dearborn, MI",1994,4365423,109115048,2279342,64.01083333333332
19820,"Detroit-Warren-Dearborn, MI",1995,4399746,115768562,2339032,68.55916666666666
19820,"Detroit-Warren-Dearborn, MI",1996,4433102,121857583,2391801,74.4675
19820,"Detroit-Warren-Dearborn, MI",1997,4440400,128129940,2425583,80.10916666666667
19820,"Detroit-Warren-Dearborn, MI",1998,4441717,136835912,2463358,85.5825
19820,"Detroit-Warren-Dearborn, MI",1999,4447649,143497812,2511959,91.68083333333334
19820,"Detroit-Warren-Dearborn, MI",2000,4455503,154608106,2580828,98.44583333333333
19820,"Detroit-Warren-Dearborn, MI",2001,4461855,155936966,2536678,102.61083333333332
19820,"Detroit-Warren-Dearborn, MI",2002,4456433,153996048,2500131,106.65333333333336
19820,"Detroit-Warren-Dearborn, MI",2003,4453371,156954158,2486062,109.3125
19820,"Detroit-Warren-Dearborn, MI",2004,4445887,159941935,2487090,111.92666666666668
19820,"Detroit-Warren-Dearborn, MI",2005,4431048,163362941,2503800,112.78333333333336
19820,"Detroit-Warren-Dearborn, MI",2006,4409697,165250230,2474998,108.27166666666666
19820,"Detroit-Warren-Dearborn, MI",2007,4377116,169525355,2470996,97.23416666666668
19820,"Detroit-Warren-Dearborn, MI",2008,4339504,169735552,2413765,79.76583333333333
19820,"Detroit-Warren-Dearborn, MI",2009,4311728,159040002,2255835,67.01416666666667
19820,"Detroit-Warren-Dearborn, MI",2010,4291508,163054960,2258061,65.60833333333333
19820,"Detroit-Warren-Dearborn, MI",2011,4291696,174592132,2329607,64.87666666666667
19820,"Detroit-Warren-Dearborn, MI",2012,4300864,182886313,2372902,70.06083333333333
19820,"Detroit-Warren-Dearborn, MI",2013,4305587,184082752,2415196,81.24083333333333
19820,"Detroit-Warren-Dearborn, MI",2014,4311194,193982040,2458060,89.50083333333332
19820,"Detroit-Warren-Dearborn, MI",2015,4309673,205899644,2508369,94.87666666666668
19820,"Detroit-Warren-Dearborn, MI",2016,4316260,211618011,2547173,100.85249999999998
19820,"Detroit-Warren-Dearborn, MI",2017,4321593,217795006,2581377,108.72333333333331
19820,"Detroit-Warren-Dearborn, MI",2018,4322084,227218784,2627875,116.14583333333331
19820,"Detroit-Warren-Dearborn, MI",2019,4319629,234001030,2659945,120.8
26420,"Houston-The Woodlands-Sugar Land, TX",1975,2587627,18149058,1336396,34.544999999999995
26420,"Houston-The Woodlands-Sugar Land, TX",1976,2696239,20806358,1417454,38.97916666666666
26420,"Houston-The Woodlands-Sugar Land, TX",1977,2800536,23738842,1511549,44.00833333333333
26420,"Houston-The Woodlands-Sugar Land, TX",1978,2915493,28053834,1631614,50.37416666666667
26420,"Houston-The Woodlands-Sugar Land, TX",1979,3032641,32753401,1734505,57.19
26420,"Houston-The Woodlands-Sugar Land, TX",1980,3172859,38342568,1823264,62.69333333333334
26420,"Houston-The Woodlands-Sugar Land, TX",1981,3309381,45604291,1961475,67.48416666666667
26420,"Houston-The Woodlands-Sugar Land, TX",1982,3504930,50603018,2009330,73.97083333333333
26420,"Houston-The Woodlands-Sugar Land, TX",1983,3605388,51615508,1927450,74.34833333333334
26420,"Houston-The Woodlands-Sugar Land, TX",1984,3622633,54984610,1979788,72.81499999999998
26420,"Houston-The Woodlands-Sugar Land, TX",1985,3628588,57793830,1979670,68.52750000000002
26420,"Houston-The Woodlands-Sugar Land, TX",1986,3668133,57624679,1894904,64.44250000000001
26420,"Houston-The Woodlands-Sugar Land, TX",1987,3626052,58410772,1925079,59.17666666666666
26420,"Houston-The Woodlands-Sugar Land, TX",1988,3615294,63013300,2000883,58.35583333333333
26420,"Houston-The Woodlands-Sugar Land, TX",1989,3670089,68672225,2075840,62.69416666666666
26420,"Houston-The Woodlands-Sugar Land, TX",1990,3775620,75811049,2171989,65.67333333333333
26420,"Houston-The Woodlands-Sugar Land, TX",1991,3884885,80189049,2231824,68.01166666666667
26420,"Houston-The Woodlands-Sugar Land, TX",1992,3989770,86984024,2228085,70.23833333333333
26420,"Houston-The Woodlands-Sugar Land, TX",1993,4075564,91238366,2271445,71.45333333333333
26420,"Houston-The Woodlands-Sugar Land, TX",1994,4153355,95209292,2333616,72.58666666666666
26420,"Houston-The Woodlands-Sugar Land, TX",1995,4227574,102555928,2402453,73.25416666666666
26420,"Houston-The Woodlands-Sugar Land, TX",1996,4314589,111691346,2471047,75.22250000000003
26420,"Houston-The Woodlands-Sugar Land, TX",1997,4407210,123473024,2579858,77.93583333333333
26420,"Houston-The Woodlands-Sugar Land, TX",1998,4513913,135582820,2704046,83.47500000000002
26420,"Houston-The Woodlands-Sugar Land, TX",1999,4622857,142252654,2735747,90.69166666666666
26420,"Houston-The Woodlands-Sugar Land, TX",2000,4717507,156255566,2817971,97.63833333333334
26420,"Houston-The Woodlands-Sugar Land, TX",2001,4817815,164800473,2877532,103.72583333333334
26420,"Houston-The Woodlands-Sugar Land, TX",2002,4937081,163942480,2901048,108.6325
26420,"Houston-The Woodlands-Sugar Land, TX",2003,5036393,170567294,2921541,112.59333333333332
26420,"Houston-The Woodlands-Sugar Land, TX",2004,5132602,183608480,2974098,116.30833333333337
26420,"Houston-The Woodlands-Sugar Land, TX",2005,5233729,201134921,3078388,120.8825
26420,"Houston-The Woodlands-Sugar Land, TX",2006,5423615,226112233,3209343,127.96416666666666
26420,"Houston-The Woodlands-Sugar Land, TX",2007,5540882,241788703,3331799,133.235
26420,"Houston-The Woodlands-Sugar Land, TX",2008,5676381,268677108,3456148,132.90166666666664
26420,"Houston-The Woodlands-Sugar Land, TX",2009,5826108,252937597,3431276,132.11083333333335
26420,"Houston-The Woodlands-Sugar Land, TX",2010,5947236,267613203,3435171,132.22583333333333
26420,"Houston-The Woodlands-Sugar Land, TX",2011,6056193,290940253,3546818,130.26749999999998
26420,"Houston-The Woodlands-Sugar Land, TX",2012,6183531,321412642,3675499,136.46416666666667
26420,"Houston-The Woodlands-Sugar Land, TX",2013,6328208,326058563,3809180,149.52083333333334
26420,"Houston-The Woodlands-Sugar Land, TX",2014,6500199,354013788,3950496,166.22666666666666
26420,"Houston-The Woodlands-Sugar Land, TX",2015,6671808,361016707,4049921,178.61416666666665
26420,"Houston-The Woodlands-Sugar Land, TX",2016,6806503,345851800,4043510,184.63916666666668
26420,"Houston-The Woodlands-Sugar Land, TX",2017,6900090,372721477,4165119,191.55416666666667
26420,"Houston-The Woodlands-Sugar Land, TX",2018,6976147,398715792,4296886,199.09416666666667
26420,"Houston-The Woodlands-Sugar Land, TX",2019,7066141,416121512,4401003,203.7425
31080,"Los Angeles-Long Beach-Anaheim, CA",1975,8842499,64589683,4367984,17.063333333333333
31080,"Los Angeles-Long Beach-Anaheim, CA",1976,8984368,71531619,4520496,20.223333333333333
31080,"Los Angeles-Long Beach-Anaheim, CA",1977,9063784,79408612,4733736,25.610833333333336
31080,"Los Angeles-Long Beach-Anaheim, CA",1978,9204893,90398475,5044872,30.2725
31080,"Los Angeles-Long Beach-Anaheim, CA",1979,9292983,102138575,5314599,35.47666666666667
31080,"Los Angeles-Long Beach-Anaheim, CA",1980,9454611,115300613,5404030,41.360833333333346
31080,"Los Angeles-Long Beach-Anaheim, CA",1981,9613602,129996980,5490043,45.46916666666666
31080,"Los Angeles-Long Beach-Anaheim, CA",1982,9813347,138320599,5398676,45.93083333333334
31080,"Los Angeles-Long Beach-Anaheim, CA",1983,10009841,148472241,5496333,46.94833333333333
31080,"Los Angeles-Long Beach-Anaheim, CA",1984,10165047,164224282,5772337,48.15583333333333
31080,"Los Angeles-Long Beach-Anaheim, CA",1985,10354836,177250747,5967933,50.28916666666667
31080,"Los Angeles-Long Beach-Anaheim, CA",1986,10622535,189742328,6154066,53.88666666666666
31080,"Los Angeles-Long Beach-Anaheim, CA",1987,10835330,204800735,6389935,60.37333333333334
31080,"Los Angeles-Long Beach-Anaheim, CA",1988,11000781,220419002,6660585,72.43499999999997
31080,"Los Angeles-Long Beach-Anaheim, CA",1989,11177630,233985898,6773734,89.05333333333333
31080,"Los Angeles-Long Beach-Anaheim, CA",1990,11297143,251230793,6881721,93.50916666666666
31080,"Los Angeles-Long Beach-Anaheim, CA",1991,11400816,255593617,6700497,89.61416666666668
31080,"Los Angeles-Long Beach-Anaheim, CA",1992,11552438,267793738,6471123,86.45833333333331
31080,"Los Angeles-Long Beach-Anaheim, CA",1993,11632798,270571376,6397429,78.795
31080,"Los Angeles-Long Beach-Anaheim, CA",1994,11663207,277469993,6402534,73.78083333333333
31080,"Los Angeles-Long Beach-Anaheim, CA",1995,11692693,289416398,6550063,71.5125
31080,"Los Angeles-Long Beach-Anaheim, CA",1996,11771038,306055522,6656417,70.77166666666669
31080,"Los Angeles-Long Beach-Anaheim, CA",1997,11915815,323174030,6736278,72.1525
31080,"Los Angeles-Long Beach-Anaheim, CA",1998,12086776,351236674,7020536,79.53583333333333
31080,"Los Angeles-Long Beach-Anaheim, CA",1999,12253223,369085428,7121223,87.27333333333334
31080,"Los Angeles-Long Beach-Anaheim, CA",2000,12392704,394920233,7216670,96.02916666666664
31080,"Los Angeles-Long Beach-Anaheim, CA",2001,12511491,410553386,7247391,106.90916666666668
31080,"Los Angeles-Long Beach-Anaheim, CA",2002,12614158,421868493,7236765,123.85166666666665
31080,"Los Angeles-Long Beach-Anaheim, CA",2003,12696521,444124296,7270628,148.1825
31080,"Los Angeles-Long Beach-Anaheim, CA",2004,12734974,472917306,7374051,185.4858333333333
31080,"Los Angeles-Long Beach-Anaheim, CA",2005,12726428,503920780,7475717,220.99166666666667
31080,"Los Angeles-Long Beach-Anaheim, CA",2006,12670216,544140051,7603489,240.505
31080,"Los Angeles-Long Beach-Anaheim, CA",2007,12631988,562034002,7727181,230.895
31080,"Los Angeles-Long Beach-Anaheim, CA",2008,12692740,570696809,7623443,185.05250000000004
31080,"Los Angeles-Long Beach-Anaheim, CA",2009,12774577,549542158,7303651,165.24666666666667
31080,"Los Angeles-Long Beach-Anaheim, CA",2010,12838417,578372986,7244649,168.14166666666662
31080,"Los Angeles-Long Beach-Anaheim, CA",2011,12925753,616063548,7398718,159.79083333333332
31080,"Los Angeles-Long Beach-Anaheim, CA",2012,13013443,662546329,7684611,163.1866666666666
31080,"Los Angeles-Long Beach-Anaheim, CA",2013,13097434,661248242,7926250,190.31916666666663
31080,"Los Angeles-Long Beach-Anaheim, CA",2014,13166609,703756060,8163879,208.07833333333332
31080,"Los Angeles-Long Beach-Anaheim, CA",2015,13234696,753652141,8403138,220.6183333333333
31080,"Los Angeles-Long Beach-Anaheim, CA",2016,13270694,782242474,8563949,235.03583333333333
31080,"Los Angeles-Long Beach-Anaheim, CA",2017,13278000,812074093,8655774,250.9608333333333
31080,"Los Angeles-Long Beach-Anaheim, CA",2018,13249879,846486801,8850436,266.26333333333326
31080,"Los Angeles-Long Beach-Anaheim, CA",2019,13214799,881215471,9027619,273.3433333333333
33460,"Minneapolis-St. Paul-Bloomington, MN-WI",1975,2138738,14938866,1109090,25.417500000000004
33460,"Minneapolis-St. Paul-Bloomington, MN-WI",1976,2152425,16381692,1141084,26.40833333333333
33460,"Minneapolis-St. Paul-Bloomington, MN-WI",1977,2163785,18305786,1191937,29.24416666666666
33460,"Minneapolis-St. Paul-Bloomington, MN-WI",1978,2184787,20560147,1252108,34.2475
33460,"Minneapolis-St. Paul-Bloomington, MN-WI",1979,2209422,23340810,1323747,39.105
33460,"Minneapolis-St. Paul-Bloomington, MN-WI",1980,2248444,26257917,1353773,42.3525
33460,"Minneapolis-St. Paul-Bloomington, MN-WI",1981,2276602,29134365,1351057,44.19333333333334
33460,"Minneapolis-St. Paul-Bloomington, MN-WI",1982,2301875,31538951,1330443,45.885
33460,"Minneapolis-St. Paul-Bloomington, MN-WI",1983,2316538,33808746,1349781,46.910833333333336
33460,"Minneapolis-St. Paul-Bloomington, MN-WI",1984,2339846,38079622,1438623,47.2775
33460,"Minneapolis-St. Paul-Bloomington, MN-WI",1985,2375997,41159096,1491140,47.69083333333333
33460,"Minneapolis-St. Paul-Bloomington, MN-WI",1986,2413349,43861650,1526757,49.69583333333335
33460,"Minneapolis-St. Paul-Bloomington, MN-WI",1987,2454248,47134901,1596460,52.485833333333346
33460,"Minneapolis-St. Paul-Bloomington, MN-WI",1988,2508985,50811015,1647950,54.25249999999999
33460,"Minneapolis-St. Paul-Bloomington, MN-WI",1989,2547922,54995064,1683813,55.92583333333334
33460,"Minneapolis-St. Paul-Bloomington, MN-WI",1990,2591808,58562109,1715543,56.89916666666667
33460,"Minneapolis-St. Paul-Bloomington, MN-WI",1991,2631964,60790877,1722420,57.48916666666668
33460,"Minneapolis-St. Paul-Bloomington, MN-WI",1992,2674248,65441065,1750362,59.1525
33460,"Minneapolis-St. Paul-Bloomington, MN-WI",1993,2719621,68283046,1788522,61.55666666666666
33460,"Minneapolis-St. Paul-Bloomington, MN-WI",1994,2761929,72727048,1846637,64.24166666666667
33460,"Minneapolis-St. Paul-Bloomington, MN-WI",1995,2804246,77744785,1905175,66.63250000000001
33460,"Minneapolis-St. Paul-Bloomington, MN-WI",1996,2846496,83046908,1945109,69.81500000000001
33460,"Minneapolis-St. Paul-Bloomington, MN-WI",1997,2888020,89039975,1983236,72.89333333333333
33460,"Minneapolis-St. Paul-Bloomington, MN-WI",1998,2931378,97147199,2041242,77.52916666666667
33460,"Minneapolis-St. Paul-Bloomington, MN-WI",1999,2979405,102721737,2089976,85.7075
33460,"Minneapolis-St. Paul-Bloomington, MN-WI",2000,3029064,112229178,2145458,95.92333333333332
33460,"Minneapolis-St. Paul-Bloomington, MN-WI",2001,3071250,116310993,2160572,106.5375
33460,"Minneapolis-St. Paul-Bloomington, MN-WI",2002,3100852,118203701,2149673,117.53249999999998
33460,"Minneapolis-St. Paul-Bloomington, MN-WI",2003,3128159,123113363,2159233,127.4925
33460,"Minneapolis-St. Paul-Bloomington, MN-WI",2004,3156700,131271075,2193049,137.01333333333335
33460,"Minneapolis-St. Paul-Bloomington, MN-WI",2005,3183920,136156811,2236087,144.60750000000004
33460,"Minneapolis-St. Paul-Bloomington, MN-WI",2006,3219203,143940676,2271775,146.58749999999995
33460,"Minneapolis-St. Paul-Bloomington, MN-WI",2007,3254350,152544928,2303992,141.81583333333333
33460,"Minneapolis-St. Paul-Bloomington, MN-WI",2008,3285969,156618474,2295814,127.78333333333332
33460,"Minneapolis-St. Paul-Bloomington, MN-WI",2009,3315368,148540012,2220758,116.43083333333334
33460,"Minneapolis-St. Paul-Bloomington, MN-WI",2010,3340007,154354201,2213817,113.3175
33460,"Minneapolis-St. Paul-Bloomington, MN-WI",2011,3373392,165504071,2265061,105.35833333333336
33460,"Minneapolis-St. Paul-Bloomington, MN-WI",2012,3405952,175824856,2294188,108.95666666666666
33460,"Minneapolis-St. Paul-Bloomington, MN-WI",2013,3440782,177698320,2335231,120.15666666666668
33460,"Minneapolis-St. Paul-Bloomington, MN-WI",2014,3476192,189756502,2376165,127.18416666666668
33460,"Minneapolis-St. Paul-Bloomington, MN-WI",2015,3503728,199682915,2424287,132.3425
33460,"Minneapolis-St. Paul-Bloomington, MN-WI",2016,3538527,205922804,2460360,139.4958333333333
33460,"Minneapolis-St. Paul-Bloomington, MN-WI",2017,3575699,215180937,2495861,148.3191666666667
33460,"Minneapolis-St. Paul-Bloomington, MN-WI",2018,3610061,227122134,2533230,157.04416666666668
33460,"Minneapolis-St. Paul-Bloomington, MN-WI",2019,3640043,233890054,2565549,163.91833333333332
35620,"New York-Newark-Jersey City, NY-NJ-PA",1975,16778386,127505633,7718680,19.9525
35620,"New York-Newark-Jersey City, NY-NJ-PA",1976,16712756,135572917,7696630,20.28333333333333
35620,"New York-Newark-Jersey City, NY-NJ-PA",1977,16584115,146764176,7778853,21.24833333333333
35620,"New York-Newark-Jersey City, NY-NJ-PA",1978,16468444,160679003,7991342,22.86833333333333
35620,"New York-Newark-Jersey City, NY-NJ-PA",1979,16400125,175867875,8177740,24.99416666666667
35620,"New York-Newark-Jersey City, NY-NJ-PA",1980,16377893,196782794,8250921,27.815
35620,"New York-Newark-Jersey City, NY-NJ-PA",1981,16403191,220230388,8336160,30.23166666666667
35620,"New York-Newark-Jersey City, NY-NJ-PA",1982,16439430,239087400,8370456,31.965
35620,"New York-Newark-Jersey City, NY-NJ-PA",1983,16564621,258892128,8492281,35.36416666666667
35620,"New York-Newark-Jersey City, NY-NJ-PA",1984,16658685,286792373,8785468,41.3
35620,"New York-Newark-Jersey City, NY-NJ-PA",1985,16730929,307455061,8994880,49.40750000000001
35620,"New York-Newark-Jersey City, NY-NJ-PA",1986,16810158,329302718,9183635,61.20333333333334
35620,"New York-Newark-Jersey City, NY-NJ-PA",1987,16858269,354272209,9264870,74.51416666666667
35620,"New York-Newark-Jersey City, NY-NJ-PA",1988,16896865,391092698,9423421,79.7675
35620,"New York-Newark-Jersey City, NY-NJ-PA",1989,16880387,420552012,9446416,78.935
35620,"New York-Newark-Jersey City, NY-NJ-PA",1990,16888902,449446258,9344755,75.47000000000001
35620,"New York-Newark-Jersey City, NY-NJ-PA",1991,16979004,448688350,9029995,71.80749999999998
35620,"New York-Newark-Jersey City, NY-NJ-PA",1992,17114713,477406170,8955065,71.84916666666666
35620,"New York-Newark-Jersey City, NY-NJ-PA",1993,17273224,492838676,8981162,71.24333333333334
35620,"New York-Newark-Jersey City, NY-NJ-PA",1994,17407324,509563177,8987008,71.42
35620,"New York-Newark-Jersey City, NY-NJ-PA",1995,17544499,541587941,9117756,71.41333333333334
35620,"New York-Newark-Jersey City, NY-NJ-PA",1996,17681708,574778359,9249305,72.28750000000002
35620,"New York-Newark-Jersey City, NY-NJ-PA",1997,17835528,611686455,9400699,74.00583333333333
35620,"New York-Newark-Jersey City, NY-NJ-PA",1998,18007924,651587260,9607048,77.94916666666667
35620,"New York-Newark-Jersey City, NY-NJ-PA",1999,18192429,689743290,9842948,85.29249999999998
35620,"New York-Newark-Jersey City, NY-NJ-PA",2000,18356204,752632081,10175147,95.39583333333331
35620,"New York-Newark-Jersey City, NY-NJ-PA",2001,18476764,781490771,10250875,106.9425
35620,"New York-Newark-Jersey City, NY-NJ-PA",2002,18554586,779638097,10187653,123.0
35620,"New York-Newark-Jersey City, NY-NJ-PA",2003,18598803,788802401,10217610,140.21916666666667
35620,"New York-Newark-Jersey City, NY-NJ-PA",2004,18597871,825617646,10371671,158.9175
35620,"New York-Newark-Jersey City, NY-NJ-PA",2005,18568830,862421257,10533708,178.62916666666663
35620,"New York-Newark-Jersey City, NY-NJ-PA",2006,18538752,935138611,10720893,186.7683333333333
35620,"New York-Newark-Jersey City, NY-NJ-PA",2007,18572325,1008722284,11017676,183.40666666666667
35620,"New York-Newark-Jersey City, NY-NJ-PA",2008,18672355,1024525568,11117086,172.97916666666663
35620,"New York-Newark-Jersey City, NY-NJ-PA",2009,18800157,994467589,10893447,161.05000000000004
35620,"New York-Newark-Jersey City, NY-NJ-PA",2010,18923407,1033820797,10924348,157.93499999999997
35620,"New York-Newark-Jersey City, NY-NJ-PA",2011,19052774,1094617223,11240143,151.19333333333338
35620,"New York-Newark-Jersey City, NY-NJ-PA",2012,19149689,1152045984,11396724,147.44500000000005
35620,"New York-Newark-Jersey City, NY-NJ-PA",2013,19226449,1166746613,11634909,151.70833333333334
35620,"New York-Newark-Jersey City, NY-NJ-PA",2014,19280929,1223930339,11919980,156.59749999999997
35620,"New York-Newark-Jersey City, NY-NJ-PA",2015,19320968,1279279091,12210602,160.69500000000005
35620,"New York-Newark-Jersey City, NY-NJ-PA",2016,19334778,1328347854,12418037,166.0308333333334
35620,"New York-Newark-Jersey City, NY-NJ-PA",2017,19322607,1412351029,12576761,174.7408333333333
35620,"New York-Newark-Jersey City, NY-NJ-PA",2018,19276644,1475920082,12884057,183.685
35620,"New York-Newark-Jersey City, NY-NJ-PA",2019,19216182,1534294144,13142753,188.88583333333332
36740,"Orlando-Kissimmee-Sanford, FL",1975,689597,4010805,315687,32.06833333333334
36740,"Orlando-Kissimmee-Sanford, FL",1976,704932,4430995,327025,32.08583333333333
36740,"Orlando-Kissimmee-Sanford, FL",1977,725644,4932360,344104,32.48
36740,"Orlando-Kissimmee-Sanford, FL",1978,749095,5766388,375240,36.2425
36740,"Orlando-Kissimmee-Sanford, FL",1979,780907,6652604,396668,41.9475
36740,"Orlando-Kissimmee-Sanford, FL",1980,813225,7919092,418551,47.8025
36740,"Orlando-Kissimmee-Sanford, FL",1981,845498,9161188,441015,51.78916666666668
36740,"Orlando-Kissimmee-Sanford, FL",1982,877348,10207566,463274,58.06500000000001
36740,"Orlando-Kissimmee-Sanford, FL",1983,916199,11470503,494692,59.60416666666666
36740,"Orlando-Kissimmee-Sanford, FL",1984,957644,12908737,537857,61.86666666666667
36740,"Orlando-Kissimmee-Sanford, FL",1985,996347,14299095,573928,63.82500000000001
36740,"Orlando-Kissimmee-Sanford, FL",1986,1038445,15736018,615381,65.77749999999999
36740,"Orlando-Kissimmee-Sanford, FL",1987,1082164,17148572,636135,67.29499999999999
36740,"Orlando-Kissimmee-Sanford, FL",1988,1119977,19132731,672874,69.65666666666668
36740,"Orlando-Kissimmee-Sanford, FL",1989,1171413,21334241,713886,72.75583333333333
36740,"Orlando-Kissimmee-Sanford, FL",1990,1240724,23034557,739630,75.08749999999998
36740,"Orlando-Kissimmee-Sanford, FL",1991,1283301,24088713,737044,75.55499999999998
36740,"Orlando-Kissimmee-Sanford, FL",1992,1318902,25678596,755421,75.90833333333335
36740,"Orlando-Kissimmee-Sanford, FL",1993,1357101,27385805,788146,76.36416666666669
36740,"Orlando-Kissimmee-Sanford, FL",1994,1394315,28895407,813296,77.4375
36740,"Orlando-Kissimmee-Sanford, FL",1995,1428415,31064780,840455,78.17999999999998
36740,"Orlando-Kissimmee-Sanford, FL",1996,1469619,33510459,885718,79.87166666666667
36740,"Orlando-Kissimmee-Sanford, FL",1997,1520145,36086442,935200,82.285
36740,"Orlando-Kissimmee-Sanford, FL",1998,1567910,39388831,987408,85.45750000000002
36740,"Orlando-Kissimmee-Sanford, FL",1999,1607993,42172640,1032530,90.75333333333332
36740,"Orlando-Kissimmee-Sanford, FL",2000,1656890,45783262,1071873,97.15083333333332
36740,"Orlando-Kissimmee-Sanford, FL",2001,1710359,47064753,1083195,104.56583333333332
36740,"Orlando-Kissimmee-Sanford, FL",2002,1760345,48871194,1082826,113.11666666666666
36740,"Orlando-Kissimmee-Sanford, FL",2003,1811544,51938481,1121204,123.90916666666664
36740,"Orlando-Kissimmee-Sanford, FL",2004,1878077,56489446,1179837,141.22583333333333
36740,"Orlando-Kissimmee-Sanford, FL",2005,1955794,62081611,1250750,182.2675
36740,"Orlando-Kissimmee-Sanford, FL",2006,2020057,67720927,1303562,212.25583333333336
36740,"Orlando-Kissimmee-Sanford, FL",2007,2057865,70843470,1340657,203.9675
36740,"Orlando-Kissimmee-Sanford, FL",2008,2087489,71324561,1316027,163.8441666666666
36740,"Orlando-Kissimmee-Sanford, FL",2009,2111917,67757615,1253746,128.67333333333332
36740,"Orlando-Kissimmee-Sanford, FL",2010,2139161,71145046,1254307,114.38666666666668
36740,"Orlando-Kissimmee-Sanford, FL",2011,2176054,75307750,1295438,104.95416666666668
36740,"Orlando-Kissimmee-Sanford, FL",2012,2225636,78597650,1335426,110.98083333333334
36740,"Orlando-Kissimmee-Sanford, FL",2013,2270149,80753814,1374925,127.4175
36740,"Orlando-Kissimmee-Sanford, FL",2014,2324391,86755807,1438203,139.18416666666667
36740,"Orlando-Kissimmee-Sanford, FL",2015,2388509,93667702,1504935,151.08500000000004
36740,"Orlando-Kissimmee-Sanford, FL",2016,2455583,98253100,1567917,166.23083333333332
36740,"Orlando-Kissimmee-Sanford, FL",2017,2517777,105508915,1645096,183.14083333333332
36740,"Orlando-Kissimmee-Sanford, FL",2018,2574838,112563950,1727406,198.155
36740,"Orlando-Kissimmee-Sanford, FL",2019,2608147,117774061,1776688,210.4033333333333
37980,"Philadelphia-Camden-Wilmington, PA-NJ-DE-MD",1975,5288609,35981127,2376788,27.32833333333333
37980,"Philadelphia-Camden-Wilmington, PA-NJ-DE-MD",1976,5280969,39176435,2398310,28.44833333333333
37980,"Philadelphia-Camden-Wilmington, PA-NJ-DE-MD",1977,5264778,42605446,2415937,29.97
37980,"Philadelphia-Camden-Wilmington, PA-NJ-DE-MD",1978,5247420,46787916,2480533,32.22000000000001
37980,"Philadelphia-Camden-Wilmington, PA-NJ-DE-MD",1979,5248348,51530923,2531977,35.09666666666667
37980,"Philadelphia-Camden-Wilmington, PA-NJ-DE-MD",1980,5244018,57084565,2533311,39.37666666666667
37980,"Philadelphia-Camden-Wilmington, PA-NJ-DE-MD",1981,5250278,63222516,2530893,42.09
37980,"Philadelphia-Camden-Wilmington, PA-NJ-DE-MD",1982,5257004,68344102,2524306,42.9475
37980,"Philadelphia-Camden-Wilmington, PA-NJ-DE-MD",1983,5261664,72951858,2558593,45.39000000000001
37980,"Philadelphia-Camden-Wilmington, PA-NJ-DE-MD",1984,5279124,79503431,2645844,48.74166666666667
37980,"Philadelphia-Camden-Wilmington, PA-NJ-DE-MD",1985,5294461,85574904,2722101,52.51916666666667
37980,"Philadelphia-Camden-Wilmington, PA-NJ-DE-MD",1986,5335416,90999442,2785227,59.05583333333335
37980,"Philadelphia-Camden-Wilmington, PA-NJ-DE-MD",1987,5383434,97572391,2876967,69.86
37980,"Philadelphia-Camden-Wilmington, PA-NJ-DE-MD",1988,5421382,105911474,2951624,80.34750000000003
37980,"Philadelphia-Camden-Wilmington, PA-NJ-DE-MD",1989,5434490,114591373,2987983,85.97833333333334
37980,"Philadelphia-Camden-Wilmington, PA-NJ-DE-MD",1990,5445186,121241003,2986306,87.24166666666667
37980,"Philadelphia-Camden-Wilmington, PA-NJ-DE-MD",1991,5479918,125340682,2912895,86.21750000000002
37980,"Philadelphia-Camden-Wilmington, PA-NJ-DE-MD",1992,5503640,132190614,2891738,86.32166666666667
37980,"Philadelphia-Camden-Wilmington, PA-NJ-DE-MD",1993,5533081,136875461,2910168,85.40749999999998
37980,"Philadelphia-Camden-Wilmington, PA-NJ-DE-MD",1994,5562336,141508926,2922050,85.22333333333334
37980,"Philadelphia-Camden-Wilmington, PA-NJ-DE-MD",1995,5586177,148930267,2963541,84.8275
37980,"Philadelphia-Camden-Wilmington, PA-NJ-DE-MD",1996,5602154,156972264,2998593,85.2975
37980,"Philadelphia-Camden-Wilmington, PA-NJ-DE-MD",1997,5615600,165382500,3061561,86.11166666666666
37980,"Philadelphia-Camden-Wilmington, PA-NJ-DE-MD",1998,5640015,177093244,3127485,88.01166666666666
37980,"Philadelphia-Camden-Wilmington, PA-NJ-DE-MD",1999,5665210,185195670,3179438,92.1675
37980,"Philadelphia-Camden-Wilmington, PA-NJ-DE-MD",2000,5691968,200465266,3250559,97.80583333333334
37980,"Philadelphia-Camden-Wilmington, PA-NJ-DE-MD",2001,5713954,209660038,3267912,105.15000000000002
37980,"Philadelphia-Camden-Wilmington, PA-NJ-DE-MD",2002,5743383,214365976,3266732,116.98416666666668
37980,"Philadelphia-Camden-Wilmington, PA-NJ-DE-MD",2003,5773864,222266395,3280167,131.98083333333332
37980,"Philadelphia-Camden-Wilmington, PA-NJ-DE-MD",2004,5804535,235461448,3324106,149.765
37980,"Philadelphia-Camden-Wilmington, PA-NJ-DE-MD",2005,5829139,244711399,3384631,169.225
37980,"Philadelphia-Camden-Wilmington, PA-NJ-DE-MD",2006,5856125,260049839,3436677,179.63916666666668
37980,"Philadelphia-Camden-Wilmington, PA-NJ-DE-MD",2007,5882126,275351444,3488513,180.59999999999997
37980,"Philadelphia-Camden-Wilmington, PA-NJ-DE-MD",2008,5906917,281164074,3501145,173.75250000000003
37980,"Philadelphia-Camden-Wilmington, PA-NJ-DE-MD",2009,5941539,275537565,3415648,164.91750000000005
37980,"Philadelphia-Camden-Wilmington, PA-NJ-DE-MD",2010,5970899,287527441,3410339,161.41583333333332
37980,"Philadelphia-Camden-Wilmington, PA-NJ-DE-MD",2011,5996232,304227599,3451664,153.91333333333333
37980,"Philadelphia-Camden-Wilmington, PA-NJ-DE-MD",2012,6016616,319777942,3476792,151.095
37980,"Philadelphia-Camden-Wilmington, PA-NJ-DE-MD",2013,6030134,322875186,3525836,155.45833333333334
37980,"Philadelphia-Camden-Wilmington, PA-NJ-DE-MD",2014,6046382,337957214,3585839,158.4116666666667
37980,"Philadelphia-Camden-Wilmington, PA-NJ-DE-MD",2015,6056816,352507679,3646425,160.65416666666667
37980,"Philadelphia-Camden-Wilmington, PA-NJ-DE-MD",2016,6066661,366049754,3728781,164.81666666666663
37980,"Philadelphia-Camden-Wilmington, PA-NJ-DE-MD",2017,6078522,372935043,3784627,171.6241666666666
37980,"Philadelphia-Camden-Wilmington, PA-NJ-DE-MD",2018,6091208,391224070,3849638,179.54916666666665
37980,"Philadelphia-Camden-Wilmington, PA-NJ-DE-MD",2019,6102434,406399941,3918093,186.7075
38900,"Portland-Vancouver-Hillsboro, OR-WA",1975,1192510,8291936,587075,20.342500000000005
38900,"Portland-Vancouver-Hillsboro, OR-WA",1976,1213090,9287115,609841,23.19416666666667
38900,"Portland-Vancouver-Hillsboro, OR-WA",1977,1242430,10335263,640432,27.54333333333333
38900,"Portland-Vancouver-Hillsboro, OR-WA",1978,1275246,11888345,683210,33.330833333333324
38900,"Portland-Vancouver-Hillsboro, OR-WA",1979,1312315,13497187,719013,37.954166666666666
38900,"Portland-Vancouver-Hillsboro, OR-WA",1980,1346705,15113387,728447,40.6975
38900,"Portland-Vancouver-Hillsboro, OR-WA",1981,1364523,16542871,717025,39.33000000000001
38900,"Portland-Vancouver-Hillsboro, OR-WA",1982,1373347,17183283,694891,39.005
38900,"Portland-Vancouver-Hillsboro, OR-WA",1983,1371007,18134873,703207,39.61000000000001
38900,"Portland-Vancouver-Hillsboro, OR-WA",1984,1380339,19798807,734223,39.24833333333333
38900,"Portland-Vancouver-Hillsboro, OR-WA",1985,1391424,20856719,754432,39.5
38900,"Portland-Vancouver-Hillsboro, OR-WA",1986,1409733,22119353,775492,38.74500000000001
38900,"Portland-Vancouver-Hillsboro, OR-WA",1987,1423238,23367978,803521,39.46583333333333
38900,"Portland-Vancouver-Hillsboro, OR-WA",1988,1454141,25621787,845832,40.25416666666667
38900,"Portland-Vancouver-Hillsboro, OR-WA",1989,1487217,28352210,883562,43.23416666666666
38900,"Portland-Vancouver-Hillsboro, OR-WA",1990,1535965,31092474,918239,50.035
38900,"Portland-Vancouver-Hillsboro, OR-WA",1991,1584767,32816993,929685,55.41666666666666
38900,"Portland-Vancouver-Hillsboro, OR-WA",1992,1625751,35246718,941423,60.63416666666666
38900,"Portland-Vancouver-Hillsboro, OR-WA",1993,1669701,37848194,969806,65.78583333333333
38900,"Portland-Vancouver-Hillsboro, OR-WA",1994,1708216,40815645,1022108,72.51249999999997
38900,"Portland-Vancouver-Hillsboro, OR-WA",1995,1749224,44305203,1065398,78.68916666666667
38900,"Portland-Vancouver-Hillsboro, OR-WA",1996,1797066,48349768,1112001,84.9691666666667
38900,"Portland-Vancouver-Hillsboro, OR-WA",1997,1839867,52050493,1160405,90.51166666666666
38900,"Portland-Vancouver-Hillsboro, OR-WA",1998,1875365,55175456,1188161,93.765
38900,"Portland-Vancouver-Hillsboro, OR-WA",1999,1906262,57504744,1203732,96.79583333333336
38900,"Portland-Vancouver-Hillsboro, OR-WA",2000,1934792,63037690,1230760,99.79916666666666
38900,"Portland-Vancouver-Hillsboro, OR-WA",2001,1971152,63982360,1230201,103.3175
38900,"Portland-Vancouver-Hillsboro, OR-WA",2002,2002918,64329895,1213408,109.03
38900,"Portland-Vancouver-Hillsboro, OR-WA",2003,2024115,66503630,1216494,115.8025
38900,"Portland-Vancouver-Hillsboro, OR-WA",2004,2039297,70656492,1248863,126.59833333333334
38900,"Portland-Vancouver-Hillsboro, OR-WA",2005,2067325,74811330,1289785,148.01833333333337
38900,"Portland-Vancouver-Hillsboro, OR-WA",2006,2103164,81818804,1330456,171.30583333333334
38900,"Portland-Vancouver-Hillsboro, OR-WA",2007,2137828,86496862,1368280,177.86583333333337
38900,"Portland-Vancouver-Hillsboro, OR-WA",2008,2172853,90943213,1367770,166.77166666666662
38900,"Portland-Vancouver-Hillsboro, OR-WA",2009,2206737,86945546,1310373,149.63083333333338
38900,"Portland-Vancouver-Hillsboro, OR-WA",2010,2232181,89153740,1306785,141.73416666666668
38900,"Portland-Vancouver-Hillsboro, OR-WA",2011,2262834,95117802,1333678,131.49416666666667
38900,"Portland-Vancouver-Hillsboro, OR-WA",2012,2288465,101586721,1358131,135.0775
38900,"Portland-Vancouver-Hillsboro, OR-WA",2013,2311015,103018264,1389540,152.32833333333338
38900,"Portland-Vancouver-Hillsboro, OR-WA",2014,2343994,110791572,1433716,166.13333333333333
38900,"Portland-Vancouver-Hillsboro, OR-WA",2015,2381660,119237395,1481578,183.10666666666668
38900,"Portland-Vancouver-Hillsboro, OR-WA",2016,2426575,125385359,1524541,204.97083333333333
38900,"Portland-Vancouver-Hillsboro, OR-WA",2017,2454815,133392595,1570931,221.1375
38900,"Portland-Vancouver-Hillsboro, OR-WA",2018,2473350,143214639,1606393,232.97
38900,"Portland-Vancouver-Hillsboro, OR-WA",2019,2492412,149346827,1642485,239.62416666666664
40140,"Riverside-San Bernardino-Ontario, CA",1975,1248571,8414136,473347,23.156666666666666
40140,"Riverside-San Bernardino-Ontario, CA",1976,1282517,9506530,491513,26.700833333333332
40140,"Riverside-San Bernardino-Ontario, CA",1977,1347627,10697117,524096,33.58833333333333
40140,"Riverside-San Bernardino-Ontario, CA",1978,1435733,12367023,566072,40.09916666666667
40140,"Riverside-San Bernardino-Ontario, CA",1979,1496847,14020247,596581,46.55666666666666
40140,"Riverside-San Bernardino-Ontario, CA",1980,1572429,16168124,609845,52.35
40140,"Riverside-San Bernardino-Ontario, CA",1981,1626183,18559946,618273,57.31416666666666
40140,"Riverside-San Bernardino-Ontario, CA",1982,1686602,20053701,618248,58.62250000000001
40140,"Riverside-San Bernardino-Ontario, CA",1983,1743463,22048306,645466,58.085
40140,"Riverside-San Bernardino-Ontario, CA",1984,1811019,24849226,685286,58.91666666666666
40140,"Riverside-San Bernardino-Ontario, CA",1985,1897927,27754307,736046,60.49916666666667
40140,"Riverside-San Bernardino-Ontario, CA",1986,1995378,30855008,781634,63.63666666666668
40140,"Riverside-San Bernardino-Ontario, CA",1987,2122256,34194067,829482,67.8125
40140,"Riverside-San Bernardino-Ontario, CA",1988,2267166,38084692,889223,73.73083333333334
40140,"Riverside-San Bernardino-Ontario, CA",1989,2437479,42656093,947954,86.80333333333334
40140,"Riverside-San Bernardino-Ontario, CA",1990,2630471,47168306,1003046,96.00833333333333
40140,"Riverside-San Bernardino-Ontario, CA",1991,2739150,48901773,1037939,94.59916666666668
40140,"Riverside-San Bernardino-Ontario, CA",1992,2821341,51266697,1035249,92.32583333333332
40140,"Riverside-San Bernardino-Ontario, CA",1993,2864517,52632062,1039281,85.43916666666667
40140,"Riverside-San Bernardino-Ontario, CA",1994,2905505,54106404,1065322,79.9625
40140,"Riverside-San Bernardino-Ontario, CA",1995,2949807,56101159,1099819,76.35833333333333
40140,"Riverside-San Bernardino-Ontario, CA",1996,2990316,58776228,1132225,74.99083333333333
40140,"Riverside-San Bernardino-Ontario, CA",1997,3042372,62292447,1168111,75.34916666666669
40140,"Riverside-San Bernardino-Ontario, CA",1998,3108220,67673468,1244588,80.47583333333334
40140,"Riverside-San Bernardino-Ontario, CA",1999,3189513,71699594,1311728,88.02666666666666
40140,"Riverside-San Bernardino-Ontario, CA",2000,3277022,77215503,1355540,96.1425
40140,"Riverside-San Bernardino-Ontario, CA",2001,3377365,83278450,1402821,106.32166666666667
40140,"Riverside-San Bernardino-Ontario, CA",2002,3486938,87978761,1458784,121.60833333333336
40140,"Riverside-San Bernardino-Ontario, CA",2003,3617771,95035435,1517838,145.9908333333333
40140,"Riverside-San Bernardino-Ontario, CA",2004,3755607,103336493,1611428,188.66500000000005
40140,"Riverside-San Bernardino-Ontario, CA",2005,3875709,111171250,1698878,230.98333333333332
40140,"Riverside-San Bernardino-Ontario, CA",2006,3986510,120011271,1766253,250.77583333333337
40140,"Riverside-San Bernardino-Ontario, CA",2007,4067344,125519679,1799604,230.9416666666666
40140,"Riverside-San Bernardino-Ontario, CA",2008,4113447,127126882,1747886,161.10916666666662
40140,"Riverside-San Bernardino-Ontario, CA",2009,4160685,124009422,1665991,128.35083333333333
40140,"Riverside-San Bernardino-Ontario, CA",2010,4242424,127926884,1638713,130.8033333333333
40140,"Riverside-San Bernardino-Ontario, CA",2011,4294897,135968619,1678261,124.50666666666666
40140,"Riverside-San Bernardino-Ontario, CA",2012,4334716,139872107,1727702,128.44333333333333
40140,"Riverside-San Bernardino-Ontario, CA",2013,4369493,144258043,1788301,157.1316666666667
40140,"Riverside-San Bernardino-Ontario, CA",2014,4415343,152895111,1868308,178.0675
40140,"Riverside-San Bernardino-Ontario, CA",2015,4461227,163116137,1944593,189.1291666666667
40140,"Riverside-San Bernardino-Ontario, CA",2016,4512041,171115495,1995550,200.58500000000004
40140,"Riverside-San Bernardino-Ontario, CA",2017,4565909,177943888,2055518,215.80916666666667
40140,"Riverside-San Bernardino-Ontario, CA",2018,4612542,186261819,2124375,231.46833333333333
40140,"Riverside-San Bernardino-Ontario, CA",2019,4650631,196452976,2186300,239.0508333333333
41180,"St. Louis, MO-IL",1975,2483274,16147882,1144591,30.79416666666667
41180,"St. Louis, MO-IL",1976,2483161,17633355,1174761,32.40000000000001
41180,"St. Louis, MO-IL",1977,2476457,19445715,1208780,35.834166666666654
41180,"St. Louis, MO-IL",1978,2479899,21572058,1251667,41.245833333333344
41180,"St. Louis, MO-IL",1979,2484555,23848861,1285355,46.44666666666666
41180,"St. Louis, MO-IL",1980,2486989,26137634,1260871,49.50833333333335
41180,"St. Louis, MO-IL",1981,2487360,29034514,1257134,48.272499999999994
41180,"St. Louis, MO-IL",1982,2481504,31261136,1247588,48.26750000000001
41180,"St. Louis, MO-IL",1983,2484786,33506155,1260590,51.41666666666666
41180,"St. Louis, MO-IL",1984,2496966,36970323,1314730,54.35583333333333
41180,"St. Louis, MO-IL",1985,2513864,39370361,1347519,57.66583333333333
41180,"St. Louis, MO-IL",1986,2529039,41603025,1385583,60.66833333333333
41180,"St. Louis, MO-IL",1987,2543754,43924851,1403758,64.46999999999998
41180,"St. Louis, MO-IL",1988,2552771,46887898,1427738,66.60833333333333
41180,"St. Louis, MO-IL",1989,2554879,50139906,1452169,68.0825
41180,"St. Louis, MO-IL",1990,2565020,52807581,1464298,68.83583333333333
41180,"St. Louis, MO-IL",1991,2579363,54053990,1442695,69.37583333333335
41180,"St. Louis, MO-IL",1992,2590410,57183643,1439015,70.795
41180,"St. Louis, MO-IL",1993,2605968,59539972,1468529,72.55
41180,"St. Louis, MO-IL",1994,2616756,62724268,1496005,75.21666666666665
41180,"St. Louis, MO-IL",1995,2629433,66484767,1529685,77.52000000000002
41180,"St. Louis, MO-IL",1996,2640161,69654390,1555249,80.20416666666667
41180,"St. Louis, MO-IL",1997,2651165,73913556,1579818,83.19083333333333
41180,"St. Louis, MO-IL",1998,2657031,77687529,1603406,86.58166666666668
41180,"St. Louis, MO-IL",1999,2666413,80456733,1620760,91.87666666666668
41180,"St. Louis, MO-IL",2000,2678822,85716308,1642704,97.9925
41180,"St. Louis, MO-IL",2001,2690131,88162073,1641921,104.255
41180,"St. Louis, MO-IL",2002,2700121,90610663,1638359,111.165
41180,"St. Louis, MO-IL",2003,2711031,93619240,1641157,119.1
41180,"St. Louis, MO-IL",2004,2721868,97484457,1648824,126.72666666666665
41180,"St. Louis, MO-IL",2005,2730316,101878567,1669564,133.73583333333332
41180,"St. Louis, MO-IL",2006,2744265,108622453,1690675,138.76833333333335
41180,"St. Louis, MO-IL",2007,2755581,112885283,1714159,138.2225
41180,"St. Louis, MO-IL",2008,2767776,118467099,1714077,131.60333333333335
41180,"St. Louis, MO-IL",2009,2779404,114159685,1660457,125.24916666666668
41180,"St. Louis, MO-IL",2010,2789989,118383785,1644561,121.15000000000002
41180,"St. Louis, MO-IL",2011,2795155,122780417,1664110,113.94333333333331
41180,"St. Louis, MO-IL",2012,2796682,130546919,1667792,113.08
41180,"St. Louis, MO-IL",2013,2799472,129532524,1686298,118.49583333333337
41180,"St. Louis, MO-IL",2014,2803430,134629346,1702979,123.4375
41180,"St. Louis, MO-IL",2015,2807503,139553430,1733560,128.465
41180,"St. Louis, MO-IL",2016,2805502,144322152,1755577,134.58499999999998
41180,"St. Louis, MO-IL",2017,2805758,147006378,1772532,141.36583333333334
41180,"St. Louis, MO-IL",2018,2803958,154995620,1792387,148.14666666666662
41180,"St. Louis, MO-IL",2019,2803228,159567017,1813241,153.99416666666667
41700,"San Antonio-New Braunfels, TX",1975,1064486,6080004,461538,38.735
41700,"San Antonio-New Braunfels, TX",1976,1083489,6675840,475281,40.2325
41700,"San Antonio-New Braunfels, TX",1977,1105551,7294609,493057,43.3575
41700,"San Antonio-New Braunfels, TX",1978,1123898,8225297,515788,49.045
41700,"San Antonio-New Braunfels, TX",1979,1138722,9307841,535097,55.54166666666666
41700,"San Antonio-New Braunfels, TX",1980,1161968,10651527,557276,63.50583333333333
41700,"San Antonio-New Braunfels, TX",1981,1187117,12197582,575836,70.40416666666665
41700,"San Antonio-New Braunfels, TX",1982,1222136,13487947,594500,75.36583333333334
41700,"San Antonio-New Braunfels, TX",1983,1254044,14773312,611333,77.46583333333331
41700,"San Antonio-New Braunfels, TX",1984,1283925,16570645,646427,82.5275
41700,"San Antonio-New Braunfels, TX",1985,1317439,18205892,676534,83.86000000000001
41700,"San Antonio-New Braunfels, TX",1986,1356676,19211657,685123,84.30416666666667
41700,"San Antonio-New Braunfels, TX",1987,1387997,19644068,702912,80.25499999999998
41700,"San Antonio-New Braunfels, TX",1988,1394458,20828129,706182,74.01416666666667
41700,"San Antonio-New Braunfels, TX",1989,1401286,22074120,713903,71.26666666666667
41700,"San Antonio-New Braunfels, TX",1990,1410902,23224842,723234,70.18916666666667
41700,"San Antonio-New Braunfels, TX",1991,1434060,24416180,736292,71.74166666666666
41700,"San Antonio-New Braunfels, TX",1992,1465365,26616269,752583,75.06750000000002
41700,"San Antonio-New Braunfels, TX",1993,1498269,28290688,780913,80.06749999999998
41700,"San Antonio-New Braunfels, TX",1994,1535185,30307687,813191,83.72166666666669
41700,"San Antonio-New Braunfels, TX",1995,1570083,32571622,847156,86.30000000000003
41700,"San Antonio-New Braunfels, TX",1996,1599427,34380363,872230,87.45333333333332
41700,"San Antonio-New Braunfels, TX",1997,1628676,36929120,908164,87.7975
41700,"San Antonio-New Braunfels, TX",1998,1659847,39747398,931942,90.31
41700,"San Antonio-New Braunfels, TX",1999,1689009,42084476,954739,94.23833333333332
41700,"San Antonio-New Braunfels, TX",2000,1720003,46089289,980454,98.59666666666664
41700,"San Antonio-New Braunfels, TX",2001,1748123,48326638,993949,103.03583333333334
41700,"San Antonio-New Braunfels, TX",2002,1784153,49811585,1004351,107.66166666666665
41700,"San Antonio-New Braunfels, TX",2003,1815846,52662249,1010902,112.53499999999998
41700,"San Antonio-New Braunfels, TX",2004,1857602,55188737,1028529,117.7983333333333
41700,"San Antonio-New Braunfels, TX",2005,1896328,59326577,1064972,126.45333333333332
41700,"San Antonio-New Braunfels, TX",2006,1956361,65034326,1110198,137.925
41700,"San Antonio-New Braunfels, TX",2007,2011543,69410009,1153153,146.37083333333334
41700,"San Antonio-New Braunfels, TX",2008,2061275,74550185,1178789,144.6266666666667
41700,"San Antonio-New Braunfels, TX",2009,2105672,72808342,1171263,141.65750000000003
41700,"San Antonio-New Braunfels, TX",2010,2153009,77233922,1179723,141.53249999999997
41700,"San Antonio-New Braunfels, TX",2011,2193923,84254324,1205858,140.91083333333333
41700,"San Antonio-New Braunfels, TX",2012,2236981,87538545,1236539,145.21416666666667
41700,"San Antonio-New Braunfels, TX",2013,2280002,91085006,1270478,153.35166666666666
41700,"San Antonio-New Braunfels, TX",2014,2328894,99115825,1312846,162.99249999999995
41700,"San Antonio-New Braunfels, TX",2015,2379232,103156419,1356211,174.27666666666667
41700,"San Antonio-New Braunfels, TX",2016,2426276,105483724,1408297,184.635
41700,"San Antonio-New Braunfels, TX",2017,2472121,111692518,1450174,197.11416666666665
41700,"San Antonio-New Braunfels, TX",2018,2512379,118958647,1489074,207.58416666666665
41700,"San Antonio-New Braunfels, TX",2019,2550960,124191616,1519276,217.8775
42660,"Seattle-Tacoma-Bellevue, WA",1975,1866276,13418533,887648,14.9475
42660,"Seattle-Tacoma-Bellevue, WA",1976,1886242,14884770,919384,16.854166666666668
42660,"Seattle-Tacoma-Bellevue, WA",1977,1916683,16563011,968408,20.373333333333328
42660,"Seattle-Tacoma-Bellevue, WA",1978,1971129,19374731,1046539,25.715833333333336
42660,"Seattle-Tacoma-Bellevue, WA",1979,2032131,22582576,1123231,30.35333333333333
42660,"Seattle-Tacoma-Bellevue, WA",1980,2105824,25831708,1159283,33.72
42660,"Seattle-Tacoma-Bellevue, WA",1981,2151691,28854599,1167540,34.95166666666666
42660,"Seattle-Tacoma-Bellevue, WA",1982,2177909,30910389,1160929,34.619166666666665
42660,"Seattle-Tacoma-Bellevue, WA",1983,2188099,32566753,1179085,35.08166666666666
42660,"Seattle-Tacoma-Bellevue, WA",1984,2216022,35133760,1236653,36.2525
42660,"Seattle-Tacoma-Bellevue, WA",1985,2258026,38025357,1290615,37.16
42660,"Seattle-Tacoma-Bellevue, WA",1986,2301024,40973901,1346586,38.378333333333345
42660,"Seattle-Tacoma-Bellevue, WA",1987,2356263,43772479,1422816,40.19583333333333
42660,"Seattle-Tacoma-Bellevue, WA",1988,2426393,48226800,1505432,42.58250000000001
42660,"Seattle-Tacoma-Bellevue, WA",1989,2493214,53437443,1587002,49.07416666666666
42660,"Seattle-Tacoma-Bellevue, WA",1990,2578807,58868037,1653020,62.24833333333333
42660,"Seattle-Tacoma-Bellevue, WA",1991,2630705,62573349,1661101,64.05333333333333
42660,"Seattle-Tacoma-Bellevue, WA",1992,2690858,67420070,1669827,65.74416666666666
42660,"Seattle-Tacoma-Bellevue, WA",1993,2740325,70062830,1687223,66.74916666666668
42660,"Seattle-Tacoma-Bellevue, WA",1994,2774159,73519995,1728057,69.11
42660,"Seattle-Tacoma-Bellevue, WA",1995,2814630,78008350,1750246,70.2925
42660,"Seattle-Tacoma-Bellevue, WA",1996,2856795,84207951,1807825,72.47833333333334
42660,"Seattle-Tacoma-Bellevue, WA",1997,2918071,91931211,1887996,77.28833333333334
42660,"Seattle-Tacoma-Bellevue, WA",1998,2978761,102850721,1957069,84.74583333333334
42660,"Seattle-Tacoma-Bellevue, WA",1999,3019651,111918912,1997050,91.73666666666668
42660,"Seattle-Tacoma-Bellevue, WA",2000,3052187,119257464,2050200,98.48333333333336
42660,"Seattle-Tacoma-Bellevue, WA",2001,3092927,120906783,2040022,103.69833333333334
42660,"Seattle-Tacoma-Bellevue, WA",2002,3118302,122376966,1999926,109.22
42660,"Seattle-Tacoma-Bellevue, WA",2003,3133021,126118257,2002177,116.17
42660,"Seattle-Tacoma-Bellevue, WA",2004,3158967,136639969,2040998,128.2625
42660,"Seattle-Tacoma-Bellevue, WA",2005,3198265,141739127,2099077,147.9875
42660,"Seattle-Tacoma-Bellevue, WA",2006,3257081,156527917,2169876,170.13416666666666
42660,"Seattle-Tacoma-Bellevue, WA",2007,3304467,169749555,2252591,180.16166666666663
42660,"Seattle-Tacoma-Bellevue, WA",2008,3355042,175757426,2272430,167.85083333333333
42660,"Seattle-Tacoma-Bellevue, WA",2009,3414797,164437736,2182713,147.18083333333337
42660,"Seattle-Tacoma-Bellevue, WA",2010,3449241,168310441,2154810,138.075
42660,"Seattle-Tacoma-Bellevue, WA",2011,3503891,179835829,2190360,125.79083333333332
42660,"Seattle-Tacoma-Bellevue, WA",2012,3558829,198375359,2258786,128.61416666666665
42660,"Seattle-Tacoma-Bellevue, WA",2013,3612347,204281077,2313257,145.75833333333338
42660,"Seattle-Tacoma-Bellevue, WA",2014,3675160,223562420,2380336,158.42666666666668
42660,"Seattle-Tacoma-Bellevue, WA",2015,3739654,238160804,2454112,175.18416666666664
42660,"Seattle-Tacoma-Bellevue, WA",2016,3816355,253138461,2527202,196.68500000000003
42660,"Seattle-Tacoma-Bellevue, WA",2017,3885579,271383679,2602894,222.94833333333332
42660,"Seattle-Tacoma-Bellevue, WA",2018,3935179,294409674,2668890,243.625
42660,"Seattle-Tacoma-Bellevue, WA",2019,3979845,310717787,2739330,248.5825
45300,"Tampa-St. Petersburg-Clearwater, FL",1975,1425848,8233437,564107,31.557500000000005
45300,"Tampa-St. Petersburg-Clearwater, FL",1976,1452426,8950891,567011,32.031666666666666
45300,"Tampa-St. Petersburg-Clearwater, FL",1977,1478254,10169956,597815,32.8025
45300,"Tampa-St. Petersburg-Clearwater, FL",1978,1517764,11705963,644879,37.99333333333333
45300,"Tampa-St. Petersburg-Clearwater, FL",1979,1573352,13479977,679429,43.22833333333333
45300,"Tampa-St. Petersburg-Clearwater, FL",1980,1626975,15913401,717538,47.24083333333334
45300,"Tampa-St. Petersburg-Clearwater, FL",1981,1677405,18423485,753441,49.98916666666667
45300,"Tampa-St. Petersburg-Clearwater, FL",1982,1722726,20022699,776167,56.47
45300,"Tampa-St. Petersburg-Clearwater, FL",1983,1774374,22282228,821026,57.58750000000001
45300,"Tampa-St. Petersburg-Clearwater, FL",1984,1825777,24870472,883678,59.26000000000001
45300,"Tampa-St. Petersburg-Clearwater, FL",1985,1877018,27136994,932733,61.11249999999999
45300,"Tampa-St. Petersburg-Clearwater, FL",1986,1923591,29234365,969125,63.53833333333333
45300,"Tampa-St. Petersburg-Clearwater, FL",1987,1967197,31157648,983589,65.45166666666665
45300,"Tampa-St. Petersburg-Clearwater, FL",1988,2005545,33848439,1029281,67.16583333333334
45300,"Tampa-St. Petersburg-Clearwater, FL",1989,2039321,37628205,1052726,68.8725
45300,"Tampa-St. Petersburg-Clearwater, FL",1990,2077857,39444797,1074649,69.72250000000001
45300,"Tampa-St. Petersburg-Clearwater, FL",1991,2110974,40554113,1060636,69.77416666666667
45300,"Tampa-St. Petersburg-Clearwater, FL",1992,2135204,42692004,1062769,70.44000000000003
45300,"Tampa-St. Petersburg-Clearwater, FL",1993,2163912,45371607,1093939,70.75583333333331
45300,"Tampa-St. Petersburg-Clearwater, FL",1994,2194294,47604258,1137326,72.1775
45300,"Tampa-St. Petersburg-Clearwater, FL",1995,2226036,51264737,1178494,73.67666666666666
45300,"Tampa-St. Petersburg-Clearwater, FL",1996,2256460,54399379,1230493,75.62083333333334
45300,"Tampa-St. Petersburg-Clearwater, FL",1997,2297251,57872609,1275654,78.28916666666667
45300,"Tampa-St. Petersburg-Clearwater, FL",1998,2336822,62007715,1341749,81.95333333333333
45300,"Tampa-St. Petersburg-Clearwater, FL",1999,2369105,64879111,1396874,87.96666666666665
45300,"Tampa-St. Petersburg-Clearwater, FL",2000,2404013,70269016,1447354,96.00833333333334
45300,"Tampa-St. Petersburg-Clearwater, FL",2001,2444015,72647379,1413290,105.74
45300,"Tampa-St. Petersburg-Clearwater, FL",2002,2487445,75158583,1442072,116.6275
45300,"Tampa-St. Petersburg-Clearwater, FL",2003,2529652,79281855,1453478,129.72416666666666
45300,"Tampa-St. Petersburg-Clearwater, FL",2004,2587771,85195097,1507186,150.33416666666662
45300,"Tampa-St. Petersburg-Clearwater, FL",2005,2651580,92116385,1557459,187.62083333333337
45300,"Tampa-St. Petersburg-Clearwater, FL",2006,2699935,98534188,1591049,208.7875
45300,"Tampa-St. Petersburg-Clearwater, FL",2007,2726780,102490200,1608915,193.94916666666668
45300,"Tampa-St. Petersburg-Clearwater, FL",2008,2746981,103345293,1553818,158.84666666666666
45300,"Tampa-St. Petersburg-Clearwater, FL",2009,2763937,100505329,1484482,133.21333333333334
45300,"Tampa-St. Petersburg-Clearwater, FL",2010,2788366,107124316,1464392,124.77916666666664
45300,"Tampa-St. Petersburg-Clearwater, FL",2011,2813269,114571938,1485034,116.31999999999998
45300,"Tampa-St. Petersburg-Clearwater, FL",2012,2843636,114155124,1516827,122.7025
45300,"Tampa-St. Petersburg-Clearwater, FL",2013,2880536,114169041,1558599,137.75166666666664
45300,"Tampa-St. Petersburg-Clearwater, FL",2014,2927395,121324760,1604864,148.18750000000003
45300,"Tampa-St. Petersburg-Clearwater, FL",2015,2983928,128732079,1664585,161.4025
45300,"Tampa-St. Petersburg-Clearwater, FL",2016,3048963,133477350,1709499,178.83416666666668
45300,"Tampa-St. Petersburg-Clearwater, FL",2017,3106922,141265900,1773218,197.64916666666667
45300,"Tampa-St. Petersburg-Clearwater, FL",2018,3154649,149314487,1835600,213.7975
45300,"Tampa-St. Petersburg-Clearwater, FL",2019,3194831,156253370,1886364,227.39166666666668
47900,"Washington-Arlington-Alexandria, DC-VA-MD-WV",1975,3364990,29358584,1840711,25.1725
47900,"Washington-Arlington-Alexandria, DC-VA-MD-WV",1976,3384227,31963218,1871962,26.777500000000003
47900,"Washington-Arlington-Alexandria, DC-VA-MD-WV",1977,3392257,34767798,1922797,29.13750000000001
47900,"Washington-Arlington-Alexandria, DC-VA-MD-WV",1978,3421832,38575566,2003451,32.625
47900,"Washington-Arlington-Alexandria, DC-VA-MD-WV",1979,3428946,42346830,2064330,36.70499999999999
47900,"Washington-Arlington-Alexandria, DC-VA-MD-WV",1980,3453214,47330680,2099925,41.049166666666665
47900,"Washington-Arlington-Alexandria, DC-VA-MD-WV",1981,3511581,52678170,2121920,43.66416666666667
47900,"Washington-Arlington-Alexandria, DC-VA-MD-WV",1982,3553959,57296800,2123655,43.45249999999999
47900,"Washington-Arlington-Alexandria, DC-VA-MD-WV",1983,3606471,61708920,2188981,45.64666666666666
47900,"Washington-Arlington-Alexandria, DC-VA-MD-WV",1984,3683200,69031205,2322616,48.1275
47900,"Washington-Arlington-Alexandria, DC-VA-MD-WV",1985,3763593,75373199,2452806,50.72833333333333
47900,"Washington-Arlington-Alexandria, DC-VA-MD-WV",1986,3857401,81889372,2582005,54.63166666666666
47900,"Washington-Arlington-Alexandria, DC-VA-MD-WV",1987,3958850,88942518,2717476,61.69083333333333
47900,"Washington-Arlington-Alexandria, DC-VA-MD-WV",1988,4057116,98576861,2826967,71.3225
47900,"Washington-Arlington-Alexandria, DC-VA-MD-WV",1989,4133239,106863428,2902144,79.99833333333333
47900,"Washington-Arlington-Alexandria, DC-VA-MD-WV",1990,4185342,112768865,2934616,82.21750000000002
47900,"Washington-Arlington-Alexandria, DC-VA-MD-WV",1991,4247235,117703642,2868521,80.73500000000001
47900,"Washington-Arlington-Alexandria, DC-VA-MD-WV",1992,4312067,124720236,2855896,80.8825
47900,"Washington-Arlington-Alexandria, DC-VA-MD-WV",1993,4374165,131072174,2902152,79.81166666666667
47900,"Washington-Arlington-Alexandria, DC-VA-MD-WV",1994,4434176,137637871,2938404,79.73
47900,"Washington-Arlington-Alexandria, DC-VA-MD-WV",1995,4488385,143850261,2989498,79.155
47900,"Washington-Arlington-Alexandria, DC-VA-MD-WV",1996,4549151,151016723,3035499,79.26916666666666
47900,"Washington-Arlington-Alexandria, DC-VA-MD-WV",1997,4614434,160522338,3103078,79.62083333333331
47900,"Washington-Arlington-Alexandria, DC-VA-MD-WV",1998,4684826,173953749,3176675,81.70333333333333
47900,"Washington-Arlington-Alexandria, DC-VA-MD-WV",1999,4776083,188134142,3262572,87.18583333333332
47900,"Washington-Arlington-Alexandria, DC-VA-MD-WV",2000,4875923,207537811,3409145,95.46416666666666
47900,"Washington-Arlington-Alexandria, DC-VA-MD-WV",2001,4982993,218153023,3471970,108.14083333333332
47900,"Washington-Arlington-Alexandria, DC-VA-MD-WV",2002,5068667,224073510,3508592,124.31583333333332
47900,"Washington-Arlington-Alexandria, DC-VA-MD-WV",2003,5137498,235840071,3562232,143.33583333333334
47900,"Washington-Arlington-Alexandria, DC-VA-MD-WV",2004,5212772,254762790,3659629,171.7191666666666
47900,"Washington-Arlington-Alexandria, DC-VA-MD-WV",2005,5286683,272956715,3745027,206.91166666666663
47900,"Washington-Arlington-Alexandria, DC-VA-MD-WV",2006,5332180,289483718,3810723,216.1108333333333
47900,"Washington-Arlington-Alexandria, DC-VA-MD-WV",2007,5386334,303577818,3884536,206.6175
47900,"Washington-Arlington-Alexandria, DC-VA-MD-WV",2008,5458415,316569272,3901443,180.87500000000003
47900,"Washington-Arlington-Alexandria, DC-VA-MD-WV",2009,5561253,314209360,3861064,166.80166666666662
47900,"Washington-Arlington-Alexandria, DC-VA-MD-WV",2010,5678491,331670527,3878945,168.77166666666668
47900,"Washington-Arlington-Alexandria, DC-VA-MD-WV",2011,5782319,355350372,3946247,167.835
47900,"Washington-Arlington-Alexandria, DC-VA-MD-WV",2012,5878942,369822854,3996916,173.29083333333335
47900,"Washington-Arlington-Alexandria, DC-VA-MD-WV",2013,5963312,365630308,4052929,187.08166666666668
47900,"Washington-Arlington-Alexandria, DC-VA-MD-WV",2014,6031945,381692068,4106510,194.855
47900,"Washington-Arlington-Alexandria, DC-VA-MD-WV",2015,6093950,401961093,4198656,199.26083333333332
47900,"Washington-Arlington-Alexandria, DC-VA-MD-WV",2016,6149301,417860186,4287414,204.72166666666664
47900,"Washington-Arlington-Alexandria, DC-VA-MD-WV",2017,6211341,432801229,4350846,212.41666666666669
47900,"Washington-Arlington-Alexandria, DC-VA-MD-WV",2018,6247841,451967783,4434939,220.20999999999995
47900,"Washington-Arlington-Alexandria, DC-VA-MD-WV",2019,6280487,467176430,4518171,227.2275
